ce42b5bf5d4a46d06691f819d5290526,0
66fad9ea5b526cd341ace25b0ea3956e,0
0b428c73676aa1c51645b0d71fce01fb,0
974ec24dc48d4337ba15707107a93958,0
950e41dac8226cb1d5fc9b989acf60be,0
20ebb7e0c4f2028811b96ead66afc845,0
86c379aae33c6df216742deddca8e3ac,0
c2b18e87e8b026125795b72fffa9a574,1
95719f0bb4fdc4d1de83c6f3123ce788,1
5f7acc10d342ae3b9003a0cff754bd35,1
0b49638d45a140b5d91d6371b1432b9b,1
20c3a55dbd955179ad0ba6db5087ce58,1
8d87f38448c0ee9393cc195ff2bc7905,1
15948170a1f8ccb5b8a0b2be5bf04e5d,1
ff9667b22595f41b15843cca756ca446,2
c771de73eea39ae90d09ee2bb29d17cc,2
e170b02def3593fd83288a935874711e,2
fd93963cc2c9c08915a6818380cba038,2
42af0a2b57a723c9aec7fda051d3d397,2
4fcffd3bc4b6e928418a9722a956de0b,2
20a599b313ef8cc0519203d838efbfb7,2
ad946ac38ecfa001470313010951dc66,3
b5421d41fe57c53c23f1207fbc457289,3
d1f942977fc48bf976137dab221c46b7,3
013a30506ee9590bc73f72b7956a809f,3
7a2989f82ed797db8b732ad5eb83c8c7,3
183de26d2de8479a57f60ad96d51a942,3
f90a7a34c3f7db874df6baa55438dbfb,3
c6032f2a38438ba8f7d80744b1a19d89,4
edc6bb95da2d6ce84c2ab894699d0216,4
8a4164398de6aad83a65d4e8606db6a2,4
b48f2192a5351df5922fe372d89bd0a0,4
b0831549d39890537e8d96f8b5b4cc1a,4
6b5a2a3ee8f10deb35245ede33e7ef24,4
760e8562d4da036781ed6920e91b0999,4
d0bbf988ff2b85d4552a5b7937a048b0,5
7b5871cc09f0df2f1049784ab8aac989,5
6f00270745636cfe765833c60c967943,5
7509c2aaf60472268849fdf5bd7797a9,5
960930221435f0c8b2c7505f032ae7de,5
4b2c4c83b45484a7fc04eb8e864a09bb,5
1783a328c350beaae0be7494127bcea5,5
e0b181d1a5e92c4beb6bd28ee7e7bf10,6
96b10e6aca91e3ac3b719137db904722,6
683695dcabe7ca7c2bffa273bd308844,6
0433a0f5ff815632382ea688b276b320,6
f0c8c02d22e65710499199f53ac957c5,6
3a017b2a91d10187011f732a5235fb79,6
c3c2462e0dd5d07c5344dc974dab3900,6
ff71646b717c326e8b593165a6cb91e8,6
9cf4dfb77e5c5ead02f8d7005bb9dcc8,6
05187d529b447a0bd99bd362990fad35,6
cebf3e99933f3fc99090e2cd22c7b3e6,6
a7c8f695016f4a7cf060db284e5008ca,6
f03182c06b3d8edd592b199b4d5c0819,6
53da1d477699f5883014fa2bcbe9d0db,7
fb624913481275148d1132b19fbd82d1,7
060a0d948d5b12ed29ed8af9a69f5751,7
88aa1ffb3c6efdf688801896b6ccd2c6,7
4afdd3a70a3099495ad7cb1a19f354da,7
5d1eb95e58a8ee20552762d3fd0e418d,7
83bdca0046121e10f395485c00e0ae23,7
686b100d913945a97706a687fbfb88d5,8
dcba8a3ad0007eeb171c3253c5b7f4c8,8
fe5fc0f4f4543fb190d6c15996f01c1d,8
d0ccac2de379313117ab23de74b2244e,8
59a36cd05a63e16219096f4d3c6a9815,8
8cae1d9287b43aac13ff2e551849546e,8
444fceb61a24c98a40ec1ee2c50cd256,8
68ec01da1baeb77a5974c585ef6417c5,9
2c410eb5757ad9dfcce640afc51abf21,9
3a34b6a3b9203e7b757dd47eacc1e6a2,9
22fb6668eec361f79264e56b4130ee18,9
68dbe613d2e96a86eb83d381932a2cf9,9
60135ddb1584e842691cfeb49a948950,9
228f881241c85eb4ffe5803997adb3a4,9
3d21a26319ca84ff6474eb5963915d53,10
50f57d5391ed7077e2c7c971fc922190,10
304474ee861037b7d38c63a29db0d019,10
3dbc33f470e55042e2c779a630151ee5,10
63401a23fe15bca4ff3f62714e775ee0,10
520e091d00b4daa3c47cdd989844ddde,10
d01aea4cf1ff550c12a1a21b9c1d50f4,10
456f55e74055d724f512a7cb74ee70d7,11
924da7eec7bc6c227a22fe3dd07b302b,11
10c43a5d341ab471e8701c99334cda72,11
48d6f3fdad00a14609b2fa76c9f832a5,11
e42c2cdc9c809be1c8b90c65f837f809,11
d960bad1b91aa7aaaf97e525f6129bf9,11
22971e518d8864d717d6b1943986ade8,11
1d96ebc518bd06f788b0188246978557,12
68941cc0b051bd20e2a1c9ea8bbf7109,12
f8807f71978bff606d41ce2f54743ca9,12
bbbba43f37a7069b42fa09f0ccd4cbda,12
91d632627b96e2af287d6f173f5c0652,12
388c2c45ab2cef366b17127e9f442346,12
4f57724d8e6ec0e3d8be007e53f1ad4f,12
1fa7d8c27315118c0acb295219beeff5,13
2a22657ec064ad3aa96a82ad4e6999f5,13
63e312a824ae71f52c7800801ea77493,13
9b8288ea4ead29b61858c3fb37278ee0,13
c1bd1491299c267530106c1d939cf5f3,13
7df58c117e6067cd68bfdae0ca43749b,13
29305c130fba8715e5e94d068a51c409,13
aab024d5c09c70065eda21393ab44233,14
8019c470a1b34558374bb5371f96b42b,14
f9ba1591dbf40697995793d7d3641e16,14
f7086982b31ea01b423ab05f7f350a71,14
556190cfed919b7ca2928394dabd37e8,14
0ef65ec48632f843224eb59fc4d7f09c,14
381a613d2288bc7ce51765d1df77c7d6,14
ac69b2475034da3765929a9ac0da4d9c,15
80edd53ad8ca423138a79ac6b7586fc7,15
6e7b678ae732406fe9844eeb6a6dc2ef,15
55532ccc3594ca2fd7ac60a389e13621,15
ca0a116627693060a3e4cd56121ae7e6,15
9fd2b5094bbcf14fa84417530ec08edc,15
5f54a521affea8e3abce386ea0e3a019,15
68f81448931c6d8f86f9123e099efdcd,16
637de6dd3ed371713dc75685b9d6907d,16
419ed1b972f872f9e7d378475f236a9c,16
9c15e0718cc1f8bd7b045cbad99b3448,16
0c25ad61bdf81c4b633ddd330ac9887a,16
5aae96483b976fc7e6933a82009fd79a,16
c77bd9ba2a530c5697de8c05906aacff,16
d2b1666a4dc30e513984c6c7ba9a2af0,17
1f9b88a51f2f5aa045fec207d4536608,17
24ccf91c9bbb7037c53ad4797557e45e,17
d7d24d32c16f108aae633ec71d7a641c,17
e56294c46d9d7d47873a43d0f92319ed,17
15f1bfff0b462cf62b6df5e027d556b7,17
6e96a87d752e6e59ecd12cf0a2ae3448,17
f47429de0062a47bc2bd83b8c7a6c9f9,18
a8d3ad8572a63f727a108d5b0af7dce3,18
dd3d6ea7c63f4340defe0a5253bcb5c9,18
edffcc1a427fca8f6d0b23df2ba2046e,18
4c7ac90e59e7aee2dfb202fb711d6ba9,18
2bd6275b203a91c8ab302c4dce4507ea,18
96421a4717f8bdea8d1a796bbaf61577,18
c39f03e33269c0d701f9aa7cd3306c97,19
b5a881e5d6490eacd1267d0c6169e590,19
6d8b41085a90fe9959f8492acd937c79,19
bc2f3964eebbf3ee2224ee42915d2149,19
93e85a29ef01c2809074c1c9dece72c2,19
3b1d42a7a7b0d6d3a19a403414b79dc8,19
d5d67d556e478e3773cb6d38b8f63959,19
e27306ab546ba8f3a5f8dd02fc7b6758,20
4f84555bbdfe230e0eb2e8072416867f,20
53fb32b53b5f69dead99ca2ddeb34197,20
4241cefee22f58745c65c7424a308a14,20
4c9348219d59ecd1f43c7eaa7dc194c4,20
abf2a2e81573f9e0aac31097f35a48b3,20
8c881f20f5f3e3a77a49f186d84a9b96,20
f2c090cc9576dda00e14db157dd96f91,21
9c3a64a87836b6671ff9c655751bccbd,21
f15e2126c827c8548263654375cdab99,21
e253362b119dfdd15698a8a95898eb39,21
ecd34812288cbd292fec013a1aa36157,21
597d2e299084f8d01140f6b796c16460,21
d22b2126772be8c3ddbb2dfcc5a47cec,21
df10554bbc591da95bdf7afe5bd43865,22
66d6912fc6ffc25aa730db9ccb3c9523,22
d36a272561beea3cce06e12ad9059e23,22
daf3b96b2e535b3c089cea324548d8c7,22
2eb42a329cce67edd18e1ee8a56c79f8,22
51c2a482bae2b897f86146e622c0cdae,22
505fd64a3bae8fed0b4805ac8d147e6e,22
39f610fc96defdb2cb2b64a446edac5a,23
583dd44e548d8fee2e11e6cae1b264cf,23
4cb57b91e1c6a9d06e646671683012ae,23
154db7384627572ef2e843ae087bd4c4,23
4180786a1c36ca762fae42aed56a9924,23
2210341e9fb44f90ceef3489df8bc2a6,23
037a6af07200bf56aa72a34d66b6cd26,23
4128d0fe4c31af9f9cdc6574428c42d9,24
7cfb47354ac898d0ee18628e0385b14c,24
c95e985c952e381214f29d1494482bf8,24
3a5dc40e7e123eebeaf5502747c4c98e,24
9c1e3631d7b2b76923d54e28736dbb90,24
2f87437e71379ebc06896395d4f258bf,24
7cab0a5d62c4bb4a16e796ea7bd0af5d,24
1c752bc48f53f04a050789a00d750ebf,25
06ab60182eee8b2ddbfbfee0b3591f25,25
587e8382108c72f1987bae13faf1b093,25
9986411e9576c052fbe13546a52d8ae3,25
063495171a5bd7023e101516c1c2d1fd,25
944b4113144c7842cc92acb76278aab7,25
458c78c0e2e6d1d25afa23868310b919,25
5c6f55e8ef07e0a43fb0bcc832297160,26
c67561992b8c585c56a68182cd39c290,26
d26aa819421c92922ac6ff03b2c193b4,26
4311bfc8c6962c1cd83301d2375aaedf,26
06d514576f9d540fc302cf7e52c05df7,26
aa8487819c14bf8de220f179bfcd04b4,26
8d0e2707c82f8df9bad3ab5b016a52a3,26
a1fa9dc92003b0d7dd204d76748d3cfb,27
dfa20d6c667105cfca21ee99e3756bbf,27
1313f88795488ce6aeaabaa4912258fb,27
4188f18a9e6702234fe04e90767e3485,27
6d4c9e29bd3d10784532c82d3220f3d9,27
fd30955490da88561cc9406860fbdff7,27
20b81a7816a9e3231fd3f6318864f25f,27
63bf9efebe31ef56bdbb6fd29cf6c2ae,28
71fcce673b8678c8b6cfb40bad8f96b2,28
778fa2e72ff5b9b267a1302826bddc52,28
3c035c8ec17a6f8b2ca324b9c1ec4243,28
953a8102c57438075aa8d779cb581518,28
50aeebf310f561be85a6bc5811518ee3,28
b92d9d5433679e41387bcefa6d3ac371,28
dbee3ed6344e371376edd203ec129dcc,29
871d44e1e17289177f57ee91f16eadd3,29
7fc2f8a56a25baf49578b12da5a63080,29
15ea0f3f87b98ad2a3b0f4dd2a18bc49,29
d894f4996403ef4e8f1aff698c97d6d7,29
0f048a80a1b75518a840b0f28b2db6c0,29
ea0b9316498ec84117a69d7467c4cf08,29
ecf7fd98f225686e699f3873c9855f42,30
dcfeb42c3bb661a43f8ddfafe3c2dc62,30
95315449f77d4006d240604a0f89bf51,30
71d3517818be726b99446e74a27299af,30
7561649f8e7b6b3aea5e04db7d0cd74d,30
08140020bf58b68d616a8f8ec0ee8a29,30
83208eeea287291f86a3cdd89ea84733,30
fbc938596469fc5b4d4079fce7654021,31
9baab1f88c5a0de4617b84b0e3c24aa7,31
6cfcbc8614dffab1381c2d16225c4846,31
bc29b90d64ad481a25ca993df541e715,31
4a4bb72b2f853aa8d5f029347b048565,31
947095e570380e9cb32ac0ec7e94b795,31
7d4d174710e82c84238fa7318b38eceb,31
20b7dcc0c8d1f4c775a2ab3d0e5bdc05,32
3b6c9c6ef9b38bdf3b1041901a39cde4,32
f56991138a4620054fc37bdec2f9fa0a,32
ede46bb8e3c73f47576e3d6403b38f06,32
732a33a98b1a335550b4215b300892d8,32
efd26be73ec2a4f270df8b2c028e636f,32
e2c28c9518fdae691b449012324ede8a,32
ab667678c3ec770f472258e0708c65b9,33
6e7a7e0e8c122e5f64922a941238e14a,33
e938a1f4c1850224bb557e7c19182873,33
12578b740fd6ad35cddaa9f466859df1,33
b722ecf242f0d7ebece2b2c6a3eb3992,33
ed11c19c1158893705290544f40a8932,33
ec10f0bad37e5192d6925f71aad763f9,33
bf17913262a6f38fd0cba4dd72439cd4,34
709e2026ac8daf3d1c121f2dd54c8fe8,34
f7c4e13d7aca214319a8a4cb8d3c9267,34
354efab96f4431f6bb65741684192311,34
dc17d37cff115dc79388c4c1b310d4f0,34
917d3f8c2c3fbf6bc48575b6b6c56421,34
2cfc46bc07517f6aab02a37bcc8a6211,34
50316477be3662a38d3efde2f8d3858b,35
c642cab489c214f33da1d33e3cdd0099,35
6a0708ecc48ebd613e33d77303f993d0,35
f3327f80220b0d8bbf3e1f47c23bfeff,35
bd17f125cdf3cdf9449f1f85b3551dee,35
dae6cdd02ed6538028812d7d5643b8e8,35
f8bdd2f792a37a07ec6b9f46d45b74aa,35
281df2f36fbb9064031a113d82529b34,36
2543ce8541c0d293ae659c1d2a07f3c0,36
ea6f0dddc1ccfc43da06eec7a5a1f837,36
4defc539e4df24e4cffaa0e9e4e2f0ec,36
023793ab70e928ee959878b60c167148,36
c44892b8abc4c69478f10b7ffc9e8580,36
7af5d0946d2853ebde599b327cc1c9ce,36
33fbe4109c235fe2f3450dda2bb67654,37
62b8691b7dada9f57cd3e2ab53170aeb,37
3afd513e6124677dc374d1f9fb8729ad,37
db1f3311ae3998a3fb8a73f5fd28e0f5,37
a4df8a861691047a1ce9acbdaf4e0d5c,37
b1f823042a50f5cbdecebe186d2cd319,37
e337279e32175aafe8a787d13a9d80d9,37
5ac9c48bd9574d9959efaf0fcd145ac6,38
d799b69ddfc6b511dd2bbaf51368f404,38
83bbb094bbf395bb07d7b7a9b3d50321,38
40c4a42a083d6a189c083cea438b436f,38
757e5780f119e2579e18aea7dcfacadf,38
5b132ac61b798c63c0cd4abe8c829152,38
7065b7ad5fd03508a782bfe268b06050,38
f9f4edaf45c25c99e051599970e1d70d,39
0c80823fa47178b6e3022192b9dbb3c8,39
9ae5ce72fd5447190bad81c6df51057b,39
cb8d7c519b4b6d1dc2f340b82ebad128,39
d39ede4eac3ad255f3553e167cd27f9a,39
0f014f904fcf6f3c86f3a2b3adf50626,39
f1c18f1199b76f2f777e5007c786d824,39
f54a5c4e95d26b9ffada975d7d42f634,40
e79fdcd4c50575807300ccd510e2d51e,40
e49d3a043a42ff1734a93c8460900e80,40
60d5629a2c890db91afd703809208369,40
7c378f0a971db84a88e41806975d294a,40
15017fe74dd1c0b33f0a4698654dad11,40
0bd7c78eae599818cdede8439b4b3466,40
cad45f7160e4222df43953ebca1fa1a2,41
fc3fe9ea6374e4309b11a559b3634bdb,41
29fce5d56dbc760bac1faec91dd21083,41
50c1d8ee2c6066f53a9c56e495c99a1b,41
ddbd450fd1f22163a8b9b68b6a796afb,41
cdf0b07e52bb1cdc74db2c27894231b3,41
cb58cbad95dbd7901e654510fd86c294,41
b429151104783b241eb5eee9f7b9eb0c,42
8a4687b17f3a523d05460b216915329e,42
9f522bb6290e575ba8904a3efe81bc45,42
bf6d14795a299bf4072444814d7351fc,42
3cd399511f5b9eb7880a259d903b7cfa,42
06fabf364cf9774b9468072f06823448,42
8678288760b7789ffde554cff813170f,42
46ca2135d829bc30a56578b38b721881,43
7bca0be852fede94a3f0ad71004e9b15,43
cf9bf72b3e4123afdf83b8cd06bf1184,43
710865bda44731c36023082c9f7c9134,43
38506882694d69bbf41ec84b9f4b848d,43
23cdc2e9cca740c922c00fc0342c3ba3,43
e38481daef8c14a815e129ff51e5efc3,43
e682a5345cfb76053a777eb7c49c957c,44
2fa1d302b8660a7b3b9b7eed01a3d3da,44
4fd76ebfff8cf629052c8faac10f1b0b,44
707fba15c76bd0bbeaef5f5414786938,44
95d791377c4b8965f0aac7017a61e1d0,44
bcd12c3c7b8f52c7e5abc420fe686d6b,44
ecbe4334dbaa069e0a3c018143711781,44
865daccae1ec8225911fe68182ff0f6d,45
6a82af00cb869e07562db7212b896277,45
6ddec37cd1d372cba42b061b5705c3e6,45
da151f0b030aa9515769598aedbadc77,45
3a12827567a7c5a8032d8a09c347b10d,45
64d0bec1d5afd75c8d62387bdf2c4b69,45
d4debdde327f2e696c8aff27e2455af4,45
5b46deb7ac2cf71d5a0091e1227a998d,46
30cf7368051e4ea72f946eb16753f8d9,46
9cf3b5f5aad0c8fa8389bfed2e50704f,46
a3466633446f3c37281bd62f88eb3b45,46
a180cf6cf1b61f4860aab672843ce776,46
48f263e2a3a2f45183db107b8ff50b21,46
319b08059accf5f4051beafaafc04244,46
c8ed9449498f3400bae88f0023f0e4cd,47
3648c186d75292781dc2e67d7cce9929,47
5b0d083bd56fc741e30db3047950c975,47
5784d9ea3c8553e3dd41edfe5f5ee556,47
a9a718cfffb755e0bc9617b54655aa67,47
0dcb2b05c09c6785ad9d8096ebcf8ca4,47
89db0526408d642a6eb1ebbc9d70d119,47
6fb2b457cd8f8caebbf39adc985c568d,48
a94023cdbab72fd9de7db7a1666e8dd3,48
d2381c2931e4dd1c30e91e098da87947,48
e85ed54dba9ce6ca58715149ab97bf1e,48
d0d7fd8c4cbd1c4c8194adb9dc56bf1e,48
17025a95b3966f36637c24d6e1e43f37,48
18a8b9a59096c6124b4385d7e19fc4d1,48
f34e47edad204f7444f623ac0c18819a,49
ce8f0171d04016ee0113fc2ad4025f73,49
477ca4727fa04339269adeee895b5562,49
b0f0d5dfa631b06bad4e2f8fb9e850c5,49
edc276c59bff125fdd43dd3b94c8b69f,49
e918e9f8d10a1e3101f9558d6c6a221e,49
b05273bc2d94c57d5822991718008f92,49
029d504db7cef3a415710a9e22a6e052,50
a52e3df0ae239777e635432f78ed071e,50
c9d51c3a7232452e25ff0fc9439d0cb8,50
427118fd04cf9e869fcdf2aec5c609f7,50
378d5f373431d02d751c09a4917b1209,50
9a1f95a070a9dfc601c639434f5a76ca,50
3f584bc66359a5ecfc25814b993a9a4d,50
6f5166a10c68b5c52a29599051931636,51
8aca96fd986d260d1178c90758108ff9,51
dd2c3c2f7669bd88c97933fe58cee14d,51
f9cfc2d26a72c25693e7f985c978fe05,51
1dd328487b800af36d01cd54943af0c2,51
b976761b52fde7f963ad7a466b26a8f7,51
feeca39de59330c48aeaf8e7b01d31f6,51
27a9cf5190ce1b58521463fad2fdca57,52
b8deb2caa76cd2a9eb76904ea689380f,52
a2e37dd091555f10b52207a9a2c9a4c2,52
32ee346049139eae8d588c8433abb871,52
7a89349885a6f4d1f4c860ce0d4d0d8c,52
50da9e4ed96d4ad269b2c054e6391030,52
9bf6742552e2a2e614087913034e9101,52
c645b1bfad7103abf8d5135118a4669d,53
ae61c5f16c9b0faba761df28899aabc8,53
6a288bad5f8c1772ce9cb9f92b20db9e,53
3d36f5005b1d1af4fb3fd00d8c399685,53
4a5b3bb85f59dc3d348f7ad93a20571f,53
dc450662b9e01f250c5ae800aaca8c43,53
e2610193e715a9e67af26901f8a8a6fb,53
ea06f1644ada09c06f80e8fb25eb0038,54
209fc23385469953b84a219653f216ec,54
0d6ec4d4a63830acdbaab18240ed7371,54
a38e61926fbfb1765df66f2ad3bd7f2b,54
018cf652e02a99eab436ffe7f4572a69,54
b34263b441055ce21ce0be707a39a49f,54
95a7092c82f4fd985b162a1b11437ea9,55
42df2833cd55bbddaf228c8cd9ed0268,55
b0e1a4fcb917b7780a9fc098245f5598,55
f422a2bd2609ac10f072e277723daa07,55
d08580b4544fa280e0d458011038e30f,55
ddb78547888dc128a9ea804d7bb381c6,55
d43fce151ea62500591a5fd66ff07c14,55
f1c0bea2c402eaac9b8953fd23eb123d,56
57b16976a6a2e2325b65b5e4a3e3d6e4,56
208fd5e9e5b5e12363006966c4717336,56
75072a948b382d1845c51cc071f10e46,56
fd11aede1777512447cb38768c2d04d0,56
5a8644448ba104ebc482bbed72854205,56
8fcc55b5ac41874ff584b6077405256c,56
af95c15d52996974f5dba1c45e711679,57
37ea28c4eec52c7f5955f0b82932d344,57
ee9f74b98c5b0862ea473be0c4ad167e,57
7fa05efc915bedeba01aa05542516f8a,57
0fb5927943795c410fbab3f889454dae,57
162ba750cc3a5aea9d528bd539590270,57
63814db6e82c1f5ebc5e76f938401a49,57
8fff734e6ea6112e7d96b6c28663d9e4,58
8af388a2b7aa271eca95b4ea337a12a3,58
092e4d363d8919f6eb82f17ba0ea883a,58
be866267d23eedbf5e3b5ac01b01a8a7,58
40d3c5b077569f17c7cef7f86e5ff622,58
a52b337b2a936eea562c572c800e2c13,58
cb644f3177c6f4dedc4282336b47ec59,58
be1a928bdfac4622ce2ab7f3677296df,59
a0584c7f287dabfa43a02279f4f96fa7,59
0081ee318acbd9a77b4c3290dc4cc83f,59
38838ae48adcd2676c5afb345bcd881f,59
14a198c4391567974babf2fe2b9b3463,59
7e9e9d99adc7f46dd468cd1208292373,59
65fdce3a8f0e0c29afabb37247db0f0e,59
f8bd7b4dcac1bee6901e9852e40113e4,60
ea74546e961a31d9c936d1b01a6f8e87,60
8fe436832f6cf77c2906e4f444b63379,60
9b972d9907d54f8adbc03bfcc825ed8a,60
9618375e2f88c00e8bbfb6f651e027b7,60
fa8a2ed142f001038dab244e7e882e03,60
a84a3977d2632b8904368fadf312011a,60
708a59945b02cc5d0d3412b0f9b4f418,61
fdd5c80b255c5f7f2a77f5fb7e4f6c69,61
da87898a358d63d57519c61c65ab1a5d,61
e7ab034f774c51213e46de078db0e47f,61
9229ac74de68392d47543a5695fae351,61
79b44abb692c587cd89831ee529a072f,61
7776f34bfc2c1145e37958b63b97106f,61
fe770bdff56b19442a83fa3a1c909358,62
5c6079af329fe5716384638e995de888,62
cf8528b7b3fcfec2112457613f57396e,62
ab05470a16d8dd2585e5070ecb64c0be,62
ece77fed0674d1de4412013d204c5061,62
17021fc9351aca9b9011597c1c199f7e,62
a2d9e928a5f47ef61842c17ee0b8fa27,62
988ae8513d034d313f6c14a69047b9a8,63
755b1c3c8781449673c3933957b5106e,63
9d20cb1bac3c90a6c0f9990c4750405d,63
2a1b1c9d4082521215124472631184fd,63
59f844b7b7fb8d81a5011ba282a09506,63
4ac3d6412db4730ec586bc5684bdf1cc,63
d92a100715397235b4e478dccb35bde7,63
8443098dad1b84b879dd38ca5dfd71a4,64
771edba826596fc966a683e49002457c,64
856d9d2a2afdfd5856a6d841eacc559b,64
a8378217b9d8de082c9634af46e02206,64
e530f930291f70ce7f43fd3c2adcd720,64
93f38992d87c0c9f10f46e373c0c3419,64
2c144802cda9c074adec6910500bc782,64
990a1edd316a3fd7eab76c207bcc6299,65
d6f333e2058517b718495f3baa6457d9,65
7990007bbd3601544c4525178b75cc8a,65
bb77efabbc59bf951601b412f37d7e97,65
c4755d41bd41a6a9f4f35114ec1842ca,65
90bb5e554bd0717fdb1a3d8b006bca1d,65
440c94c2ae8647629b53d78a506bafc6,65
d72a7e1df2372dce146e4d37f4331ea5,66
37e9eb1f738d59bd04ffbb46668aea2d,66
021f7b897952f5a7563869a52185442a,66
278a390024295158bc6046a6bd109b29,66
f14cd66030c942c7648a395af43ebfea,66
b6d737b232d264eab08c001b3fde4e50,66
2e8fe82425c65cf9ebf591ce36b2446b,66
841033be4168defabd9e4b8bbd4b9e7f,67
47975fe24a9efdf58b3574dbe37b5c30,67
2d957b88b54d285bcc41a1801c814f0e,67
3759bcadc67e0845e2c9fe15fbf50666,67
67f5dd493d58030b37b94a0872bd50bf,67
afb70c714cb49e7d0f2705dc3107560a,67
c0380576bba29ebf32cf4c45bee653d5,67
c9271202a0d367f8d87c543df03626e5,68
49263a94a50e9e767f91084619ab4056,68
f31c6015265714c8584335811be407e3,68
3f20804708f04e0beb947172b31008f6,68
a908b9fd92e7aacc04093d6aa1be421a,68
b819945de6902e6a1c1acd65d09371e1,68
c4f5252a12f56bf4c2744bc90a3ea3dd,68
95e71b44ae7a44ea801f3a7ae100a7eb,69
5ea7b6a308f7d2639f5c46833ff513ab,69
b209a3372da96cb1e5ced500314007de,69
4290fa5592e83dee7a11b0e2db41baca,69
7dff6c620a60406fde20882f945dc646,69
6d41a1a434aa0bb4cbfa881bddbba41a,69
9ab2f63eeb873b937025ab5051b6ca42,69
ed242ca5cd8c6211623e1eee1828e66b,70
0e40194a5233f15132b53471404e71b0,70
0ffee2996f1847e8154c9ed73e1367d9,70
2aede461fad9cba47320c4e467f94e28,70
e1c8c44ed7e9c690b8003810d67c7eff,70
aeefa50da44054544e8028141bf4bf82,70
783d6c7784ebff630457de87ce75d794,70
ea256a35b8f7f95b7cc84b497382e84f,71
d64d34359404465836a996e19276e53b,71
d880a5f2a2371f5456edee78713dccfb,71
48ea8052324191a993c0d6c7be06cddc,71
c9eb04c6f1e4c8d187c104eb7752c42a,71
fcc624cf150713248677677a298f3d4d,71
e4a9c3404b793d569a22acac9e25b62c,71
2bc6c7f793b7b9fc5d858b7908f0d6f8,72
b0debb3ef8283c4480ce21e16ac396a2,72
dd368c4b366af81a88cc775f71222884,72
8928a0745adc40b091061dbb69bb0657,72
7f08ae004d2f066798519939944aa738,72
ad88ade7fec5f380b3b679a6302529f8,72
ff8a2c9d7cd06120cf87cd0cf8e51785,72
7975d73934107c0c9e5876ed723075e1,73
d0a6a3a652a0ae5c8dd37bcfd4638521,73
f75f4aef53299ccddc4272c6964291c0,73
a3de6fad6889e8715b213dfacbfd7dc2,73
3103ff2195cd87eea18bef59fd3da574,73
d5635c4a72d053a2b57e336b425900a3,73
d84f8284d6b916af5e3adda95366ab16,73
4ea539a9309942539c9c97f9e0f49e24,74
7ad6bbfb1449e0c70948f25513a10006,74
814631ec62925825a6beab63ea06a59e,74
dce5d2ff6c5236bf9b77a9a838dd87dc,74
c03e4795dfd540d97c591d8d2eab2837,74
93680309422188f020d9737cf88c0bbe,74
e2c2c1134768f772a5b715e1f93ea683,74
6eec87c75b22f89cfbfedc4fd909b1e0,75
1524769fbab39eb859e7ab33b0fdac91,75
10006fc4bfcd8ef06c41c5029a154e60,75
cc121b431fe0d800d7e790704864669f,75
7c318aea27ab668b6ba368b66df69206,75
5dabbdd02bdc0ad56e920edef31e390a,75
c04a0f97951b64033226aae10e15b010,75
e28f62237b28b6dc0c22cd2ab2fbfebb,76
55731a131289340f4b999cd074225cf3,76
58c20c0a1903d29123498be0e1d5f408,76
aa87f8a9159ae762ab0d4e2f4d8f8f0d,76
e9e41a855ea5bbb786befb015dea0cca,76
2de4a86deedc4ead1b19a8e366859686,76
0a05b3745abd631ef2a807d27cba05bf,76
c19b5978929dcfaf2932138fc642cea7,77
849bb7a8c685176c93f1403d45984ffe,77
2293b4be372ce2a6c185250835732135,77
628587b94d5cb2974b5825b4ce36b541,77
b1d68e1281640b4922d25e3f2528c434,77
3f6769ad388eebb43aff4c117e844a68,77
ff3da728c7f0afb39b12cb37c5b34283,77
5257c06741cba0d8600fedf9866695c8,78
1d33094839a4724d40ebf15c0d039845,78
0b2379d6c0fbb27460ac2f96ade28928,78
6602d442596fe8d7509fd9a735a4191f,78
748dda99fe6e93adb6a639739dcc0c32,78
2dcc97fc3e171e71ef74fa659f1f0d17,78
5f7b89849dd27dd784e6cba45969e7d9,78
a3291a97afec72964ea72c42c60beb52,79
272d15adf70000800a0585142d7d1155,79
629b5766f4c8fdb0d42b783da773da5c,79
40c6ef752adc12b18895f93de7483f7d,79
f1b67fc8992cb129e3056c45124017ce,79
5271db24fa78409c7a8b7adf829f0d4a,79
37470e02e233df476b44a8cabadc99d3,79
92028eccd58df48cc0b5c06a1515d9a6,80
1193add9d4fa02aa3eae3f3b385e70fc,80
207f15e5551b6a823bbe44caf5ea657f,80
553d0ce54f883aef905f46acf27ed9b7,80
3324d1e1cbcdd92a4ceadbed57cd60b8,80
fcc22a6c5ef85e6adc9881be3a935926,80
75b12447886652a5c521a1bc60d6df5e,80
6a3cbb8e5f7c5da8b91502bbaf133f67,81
612296f2a6639cebe0ddb640039392df,81
861bfc63d29671bd10b5e583cb886671,81
ae408e48713c439367c4f6b956a1df13,81
215c189efeedb9bb0e550d9559394f8e,81
b6041ea084eff4acfbc873bdd2803906,81
dba1d8c7a30c4db561f3e8438fe58ac4,81
65ca2310f9d1ad9e70d7955702e9b70a,82
e3818f9b796e5283676b804afa302b56,82
886e673901015e695caa999d60f87d7b,82
0b7f6f97b4a144a6376906f77660f33a,82
4bc4684a40006bcbf315f6232d44b5d9,82
5a0942c5079f56f26dae9be74630ac1f,82
6b497f0f25393993802b9e2d84d045f0,82
42be751c187eb284536d31f349944f5c,83
de72a9da2d2d6e94c3bd4580e7320d9e,83
5cd7aaa3a38b588f5552c1c7440c86fd,83
ffc7d462732ab18412582e3efbf59b3e,83
fc40aa97300210866e79db058edd4567,83
c08f8df61abc331dd043d63bebb95d4d,83
22a740f5a1065f2ce261cb854c166d3a,83
390a377937f7b8231f933a0724936f5a,84
bc92a149a68d10a1489e3182ead38628,84
34441f60de9103a9c9c6e65243efc24f,84
7c10d0328513c70a15216746097d9361,84
3958567901012e1b00c4e7697d30356d,84
fda1a746dd12e7fb5eab396957d9c882,84
faa77293291b0c17b61bd41300314014,84
340ae5f5b7ee13f7a53837d1e3008388,85
bdc06f7c725202cb5d07d92583a32eb8,85
950a56b513ce67583c9b985675188e96,85
00724cb41d568bc466496474c494c72f,85
c59fe6ed069027956243a171b5d3b73f,85
c472cdf5718b9ba76115fdeb6449bb7e,85
1c4b360ba4faaa56187643e882b9fd8d,85
2525f5542c8fdb85d275d89497c7752c,86
fc9e6d7b632bc7d29af9d8f1fbff0dc0,86
e46574087a03f11d532484cd41ceb6cd,86
46e38e8c5e5c3a15634d9ff494445549,86
34521de71fe38b244f56f79e0225aa81,86
ba4149d1c945d901cf8dcfc73b6a2dbb,86
e3195b9c00ce6c0351e4591e10fcf161,86
9e6a208906bd77d0a92198a75d193ce6,87
06f71b29e6360c3d09b64b174d7afdfa,87
d298bb1475d795cf865e57ec77021ff7,87
01ae218f49d8b5fa0e1d72b2ba6e67e1,87
e925af5993639dd893f9d0b8dc1af7c8,87
4099849361c00ff5a5ba7b0d454b407a,87
f21b2d8bea8f284f0abf46dc5a49a258,87
fc1502f8e0d2ffde02d3d00e7ce72c20,88
731e96b4ddfb5019e647a887a91fae62,88
5b3aa78d5b9b40fa5fffecc1ecd7d281,88
bc3c492c990f1f51c0cb540e5ea503fd,88
71cb1c6ee2d6fefbc8ba1a03d3925c4a,88
7935c5e56f3e2e28868445db8edc7694,88
c41e68177b03d0e136f581077854f80a,88
705626979f7257aae6c3462084611bcd,89
22956623528665bd118c32ab6536cf5a,89
7f035da05ede3c23f4829ce6dbe8ae13,89
5fd589e72d10f237eb3b73adc3a9db35,89
7ea9d438b13d2842683a5c685a047e0e,89
e75ffb3cc54befa30fb1a68e5bde0c64,89
40a22719f20cc203be88ffb02f5f86df,89
caa2ff46f41552d81e0f11b95d6539ea,90
c681b8d9b5ebfb0c93084d75b72a4bc0,90
1f748ad8640c062f2c620001b13079e8,90
855f4cc2b177ead78725f3a7c1bb8229,90
6c70133c16b91e5b002f1ab40785f85f,90
87df583e9fd9b9020c5cfaf0e324411e,90
4290c4aa5fe100c91bee0dc459c138f7,90
4eb715fd6853c85339799b6a5ae09845,91
8c93c83fd1c449f6b3f7f1f071d1cda5,91
5ba9a8a3c18c284b85b48638d3efa2e0,91
552cd3f9b65fe47f72c72968ff6df6bd,91
1f25f2b864a17eece989db05fec6024c,91
12abe2f64a1cb2817746eab9d779238e,91
41983e7b0cecc0af91a017a0cbf87678,91
22bfdf2e5974a957fe7ddfcf2aa19d60,92
a6bedb60e37ac0901d752a0a035ca727,92
c70bb33039b3dba18e1f1ff59b65674c,92
07edd9c1015c27db6bdbc511808bc886,92
7ec6bca3d0d10266a5270c0950c04023,92
bcedabce2b59497080799633ddc2e00c,92
f71e9c9e5b0a71d987bfeb048382cecf,92
02360bdb771ee0534ad0ba7c0dcb7a7f,93
21258b6231a7a02d6ea3220898492a42,93
d8b803df8e43d8437472def0ebb43f4e,93
db803ad46c7b79947b50e24b1d140c12,93
034199da43e29f6b4d7c59c1597e41a8,93
52dff8448833b59335730bcdef312644,93
42d227cb05b77016985046e6831b630b,93
d77daa74069663211754ff2d95e7c833,94
1b4831f169ae32c6cef2d50193e637f6,94
ec58fb8e5aca6492d80a19cbe07d6cbe,94
06cfcbc0e17f44f88f33700c51c763b7,94
9a9e64cebb9a5154eb22fb39a0c68684,94
43e2cd78a710bbd69b33370f071009d1,94
572556aa06a00b9a5c6923bb01f33d51,94
646978b649c632af6cd1205120287f12,95
5d9b74fad1c2fd0e7d52cb025114c05f,95
af3c13b93b86cd0a243f0c2c87a06cbf,95
5fdcd7010b4c559508efdbca9f3d3caf,95
01e582fe2ee36f3138e0c70d35d2631b,95
d9afeee773ee7f790ae527fb1b7e5d9c,95
a7569187dd5e43f12c5f0546bde5bbff,95
c2e282caeabdaed43569f6b9eaed1c4f,96
23b6d6c02ea30e01226b43cdf9c56e21,96
e58403eb8166a6d3dde52352da22924a,96
f0f63358a5f1cdc38ecd88467c5759ff,96
c746e01b48d4683cb1c7186d51eb7bee,96
0c88e466b7f930418c221e1624c5fdd4,96
fc4fc31354a6bc36e8704a039b09be2f,96
149e62bbf6fa6c12ab7dc0d8325cd386,97
a8a77a97799230c7f75f6f5a7f08eaf4,97
6a275156b1814832925c471f2318a2ff,97
ede411ba6ac49f81becddfdff5cd2bc3,97
96e4352da916b6062964f57ce1c14b97,97
7c8d2fb62a18d4b585488a05ab54c2cc,97
ff6345ca1075846a09f25145e1c9fafa,97
72b8f0fcbd41120e2204ee303e9490dc,98
a56af0815870459210f8db770d251937,98
339fbfa414c8fb8fded30683409988ad,98
88c64d1b4aa86c9bb5a9def5ce9ed093,98
b9bac32aa490512e0f71c38db938a65a,98
079877713e202eb1f0280b1a35926622,98
5cc8fd1080946a147f1aa2c2839a034b,98
1758ad95befa7d50177c6f6fc5e2dfac,99
5136a9f2ba4acb77bad6f6432b3c022f,99
0619956e3d78fe572e45b0805ccf555b,99
583c7967c10e63c48bc8e450a8c6233f,99
e449147b78f0740cbc2bd5956aa01728,99
5b09570d6db83dc989ede9b48ed333cb,99
e620badbe1f9f3352ce12979639e198c,99
0f2ad7a5971c5d34da23e1957dbc56a0,100
ae0e943444cf6120135b13298fdb20e9,100
704e0a109d796d5f15320bff682f6106,100
033d526cd674045dd33a91b9ff19111e,100
bc95886490d0173fcfc53bfe6b7d577c,100
4fddd6227284a8433030d5bde2ee1ba7,100
92aac83d689c461a5b9e4a098d2cf950,100
f921f40a5439708829805260052d94fa,101
82acae1a45c7fcbc62629f972b506c40,101
535b9bf836dead63daa39d1cadaa814e,101
63d6694cb31f8e33891914a273d8b64a,101
d242c64915f3ad54eba655272ade1ad7,101
c2027507d3e699d7a188e501f522e6a1,101
aed55c15fa88dd11247bcb60c6cbfed7,101
9b30650646cae4d7f4cd17d7042912aa,102
74b5c5ccad5a65f739511d1568dd224b,102
3e98320e377229a8a0542b7b7c20cdd2,102
199061df314a67e82034c32f87372937,102
0a24cd12300f336197fbbc754024aebe,102
708d7f301d9347cf57fe59e87cb53820,102
9e0d84f7452621d22a7bdff543882d27,102
7531903cf03bff73e2c6d130e0926f8a,103
90aeaf3417fd75f15a07efea8da64549,103
b23297f8dc2a9ffd5f0f95f866beb3a6,103
df70b1f938d66bfeae88bd5ef310e723,103
daaf4455e15609fe53e301b1ff139863,103
5bd0e38b8d1bc989d13f15ee543d6800,103
a313bbfb94e46db00ddbf1b577f62f0c,103
707d3ef3dbc9b786210c60d4fd509b13,104
cc60c47bc05499849d5f4eb49852808b,104
513493bd8d2305acf3288c79cceb354f,104
74d723f99d553400b3d61374c2169436,104
f7eae056ad646b152ad78a24292daf9a,104
627fb2992c3a01a187ff697ad3b447c4,104
b0cc8a1e3e3b4b7852ad7b91450ddb8d,104
0a03dae662831587d6f0a9292eec694b,105
36a26ee57b52bc72f2fd95239d7b36ac,105
557135b1109341a14e535f11afab85f7,105
f170f0bd83721adfc735864695b9368a,105
5e227bf652c76303542b2214d8eca80b,105
046e56500e8e3948bf9835b0483c2118,106
dc90e3619b6286e55ec109dc09c01274,106
dbcf7fd8d40d17ef7d9d0e27445d4b66,106
303d2f5dfbb07a9e61c7229d33069a28,106
ea87c71915197c14f57e01b237cf8686,106
9297f08f3ed3c46816c97550b7a105bf,106
7d33875bb433051054be4c90837df08b,106
627afb5b5a6d1f4c78180e0b0f875fb7,107
a65744bd6f9c0ca33ddbc9c376612fc3,107
a6b8a8e9a4633fa1eef11021b36b77fe,107
f112e309655ac2b5283fc41839e87c57,107
ddd760dbc145558fe6cee3e6eb216235,107
e707ec2ba443884d83dc87599b0ff98c,107
2ff1496b8ff55cb99136d36a655f6364,107
c7eeed63eaf20ae351782bc4953be72d,108
42e19a0e42c523cc59becb5318b42911,108
e0c6a30e485878be1c5b24e557c38901,108
f94eb1fa9bfd859069ad988bb8d92a46,108
51b85c6b4e7be7aabe3e47062d1e190d,108
a5f3c37f4261d372cb6e44dae69c2d8e,108
d1fba9f8c8fa2dddc9704155581ba7c9,108
bbcfda10b48c365205a9670d1ab46663,109
5f1ca10e5622a69439e673ea961851b6,109
b3943b125e61c6c71cd4ffa204cc4221,109
9b604796d35bc63b2cf2493f7d6eedf1,109
9650b65d600797de7cbfb817c884c8dc,109
83fd6c055b7a1a3d4d6114a2fb0ba654,109
9c3281ffb8d02fc819d32a16e3261c5a,109
d915ac58dff738edcf000f6ce7a08b8f,110
19dbfd3abbaa6b86ed47d7c2a122a421,110
2b6ef3a4168f198a77f76f702c3e26d7,110
6481dc400f17f08ee13706ae282c438b,110
ba35261dbcf59428d958ef61e27a23d4,110
44a0609956807cc71e0c3d61c5f2c906,110
48167c16b9f33d5b51bd87bf4279574c,110
30dcc0df59f777d9e18836fb76678bba,111
2e8892b74e048eaecf7aae7edd33aed1,111
77e41269534f0cb1702217269ae82d59,111
41f4c7c2f8d80f4a1686847147d77c61,111
9ec0a5e344e33a219eaf086cc426def4,111
dd51af6ac0419936bd2680e1ccaf4da5,111
0669dbeaafefad0e0c153f0fed0edf50,111
7cf7f1502e0d03974f72f99d193c7321,112
3dad71673021b302048d3a6007d2bf5c,112
c2533315fbb70e98466c81dc8da7e687,112
8bbbe7c7f4a5898841b658044c6840d0,112
e3e3912fce852525a3d62545331ce7d5,112
d1eafe1d4fc36013fff9ba5238d1ebd2,112
545f10009a7c2308a89e426a95760c8b,112
e8c6f497e09336c2b31f9700858506aa,113
191bb977ecb901b1593f659c1a238e3f,113
c318babf319c46c842cc2bd6c970110c,113
d01a8fb0b46faf7f908cb10e2547d1d1,113
f06a6fa5a315e597b0ba39806955a57c,113
470f8b125bca3cc3d6810ffff2dce9df,113
ab5965422ff106fb06117e4aa0e53f95,113
859c5ffb51ece12e178efd68f3736a0c,114
9db486d86e58d19eb21fba6dc6df9297,114
2be9a0e1c8b44270fa986a60b02ecfb5,114
904111b8ededd706924356f25726906b,114
75cc439818ab20d78cdc7dba99383e75,114
685764fc6f34dc14c214df2fc40b4d0b,114
a6ac6dc61409c9424fa77610787f3958,114
c9317ddaca159a81cf9682043f78fa36,115
8a062b77c07cbe3b22b919d7418abe04,115
80a526fbe4e60a88345aca304ead0d5e,115
14169147e4b44ec09a79c7da16f52ef9,115
e756c1c3040b2e9a0eff0d02b314713d,115
6de94bc82bc9dc55d22887af8274c168,115
f6a0a411086b8bdf911e913d65ed4070,115
d592ad90d0c998e9cd9c62900e4c619b,116
eb6d3d45f18b5a322131d4768dd71712,116
72a11a7e5929da6444cde5ab8e246893,116
996b62a39266cf3adc616b9eb00ed9ea,116
606bcf79e78ba1911a1be9dd85142102,116
465b1efd73f363b0f7fe2af6170df4a1,116
0b681877e1ffc65395ea2ef65621cea1,116
c3a9780a7883ebe3ed54720551257ee0,117
18f496f9f1e7ee5c9ddb242e175df2fe,117
7b44d140dbbea9abae710570934ad5e3,117
b44e72b72df0803d697eea1d8d8751d4,117
617c659313ea58ae5527793f5f6b4622,117
bf92cb6e4f6d157e632b899bdee987a1,117
9ff07db9b4eb57005a9c66b13d6f234f,117
533c2bd6f699606fb3da14032fc12068,118
b9275b7dda2b7b8ba96b8587e6c585f2,118
aded9baeea399d5201635cec59535fc7,118
fb84a7391e95e001436a30d4b7b6f833,118
35b856e75fa15ef791b2e9a491117596,118
8e8e2fe18d578e6fccad6fa44a158d97,118
fbed2056aed1be94f504344985bdcced,118
0f03142d8ea82d8eb663b5203b252cb3,119
1554b4bd559440362752fdfadf4e1fef,119
8729036bb930931841baa2494d534107,119
8dfd4d9f0e8ca31faf15a882cd5c860c,119
6b24fb9912f4abc1a815fd8dcced5a68,119
9a15e99872a3560a3cae272dea9fa52a,119
7fafc64b1849f2b26171e70f87327703,119
6ab1d4e6ae8d8b830142431801619a7f,120
23f4eba6ade4bb0d1dcfd81d5b66cbb6,120
30cdd872ab0c7f64b6213f9c99a7b45b,120
86b2b29c237b47b0cdcb390aedcf25be,120
ce8fa0d152a460322d21bf544cf79a03,120
180d161be4c98a61660665636f833bb9,120
5a0a42da93622b4d092192c0696bcdf0,120
9106b575c32952af41b61a5e795d8abc,121
eb4b7b3cad4bb66d28608681b00d4103,121
d010b6bb6962f0a012c17db83529ce3c,121
b05fdc5b014f5a97dca4f44dd213c391,121
e66f276b957b19f28391abc49bcd1e9e,121
77d278d0d93cdf6160c5647114dadb44,121
f5d5875bbd843262d8d74f7f6d676507,121
a80ec34837efd7a529f0b9016a8b6923,122
4a38e29f5211df4564d91705ace0ee17,122
dd9f568b39163641601e72ccd2f9b6e6,122
55a62e5938d2d789e413328a70ebc215,122
37f9f06c9afc8c078547a8c37d8e8674,122
b1873eefed7501c056a9985047fc297f,122
d3a92fdea8809a4b7d1bcc91b5beaace,122
ce7feeb828e2c3205afda93d2e159d2b,123
0c3699b4bd3165ba4e29aea018fa810a,123
f4ffd553912978084d9c79a179ab07fd,123
d064ee64afd3335b410986d495072448,123
e42d2dc9a9c78f71148bf293317c80b3,123
d6ff3044037f3912642015e3106b0665,123
97b54f5b312a1341036e3eb54b31bf14,123
a65a0684d43d3da9bfb6ff1cd3ed6711,124
1d19984739d0e36279c633b1f080cd34,124
5367247713fd7e607f26f85486c01c5e,124
aa50aa94b5b0760bcef5142ab38526c6,124
f4374c52bd717057680f7c026c69e022,124
b3f0d8839f9e840c1f54c01fabffd9ca,124
283ff36f1257771dd70834afbbc1c320,124
583b2a50d381a63792ab81731af3adf6,125
fcb20b2f74a25e46d4106d6fa1038526,125
ca65cbe4452b4ba859ac1e21bcd472ac,125
3a41bbcbfb62d9e2458d9d5fb6ae291b,125
3efbe23584cc12b2797ae174bf022115,125
dab3a95509b8cbb24d26fbeca0016b18,125
49246a4607c24556bf4e1b5871233509,125
ecbdc908702cd21996ca36b6f70334e4,126
974b970d6486f667712d958115de4d00,126
0fd66faaa752ec96e47f290802c3ad83,126
65d1d6070e82723584a930551646361f,126
9dc9f18a0fea46d2d6e6724a0b8dffee,126
0841086ce6571859c821883f894c7713,126
146c3277a82b08a33d7739c596d71d22,126
e224adc9331f21b428fc37fc230ee018,127
2a39f6b8de26c8a4906702e9654c8d3b,127
308bcaa115d0084180408761aa395218,127
d3bc6a9cdb6a49db21c26fa1957f344b,127
4bb5fc6b815fa411a5152ca90fab373f,127
9bdfe9f788daf913cd826a454d05f565,127
e34a03b1e55b93229ef49006cee7518f,127
bc759712673e707a94f27c1831e2159b,128
2d60a296fc7963cbd4081b62749173d4,128
a01f54dc59db50b30c8d8ffbc1c433fe,128
3e6eed7e354c0c8910ee6a29ec2839d1,128
b9fe90812b925a3416d5d985076e0bfe,128
79b38677e062809511163707a910b9bf,128
24b06fb8c4ae783887fa0d9538371de8,128
0fc8f7b416d3426f9ab3939914b8e58a,129
e727b1f608561c28029113bfc20f3e6d,129
e747654eb25a424647b1f73c7f330893,129
539d8ef4e331e8494fbd46e92d6cba03,129
18a1a2ee92e74f0e354eacc9ecfa1c27,129
b4cce05f6993ee8820b8af9e8a5f1247,129
279f71dc12dc96df8acc601a0648bd7d,129
4f9ce038e78295ff23180493b5609221,130
0ea373949fac0698c10cc02c881212c5,130
dbb1cb07427f97650be14b14f20e7774,130
eee683ae93a6b69ac8d95a7352cacc53,130
26ab7aa2bdc82eb0fbf73b785096cb3c,130
9b413a8b36121fdb3b271cb648ccbdb3,130
6c8162e0c35d7686f84cafdac4f40686,130
4454e891219d3bb04779b3120bbb895a,131
e07a01922c445a7d0d37292b43258216,131
fafbce83c2da680d73aca7344677917b,131
20363cb09a0ab52f07d5941102569b07,131
654d1fa7677d3580533c3a8e1bd272d8,131
f17e83143385175aa4bf77ac262d9fe9,131
26e8fe5672e50518bcfc5be23e3e9d8e,131
65343773edafd078b9e6ad88e7b244c8,132
f20636485cca373162a4eda022e05613,132
12d362e75cced3d5ed4c3dc3cdf9f31f,132
c0dc57b16c2e1037b6b85edf8f904f1a,132
562f625e75ece687e0b7a5895ff1d11e,132
f151fd26e86e9d9d00f493106975b030,132
2f0c10612750be1cf680fa164d88ffe3,132
ac0ebc91e37ba255316dfd92ead1e791,133
aa53e8d1c883d8c53a2d5c9f2b967e33,133
eb35caa87da0515a1d3f724a5b16f6dc,133
ad242cd15deee4148da7c11e16e5e5f3,133
3f1628b7b0594cf4437fb17545f0f2ca,133
0470aeca621ec206cd43ef546f60d3e9,133
a020170011449c8c2de84ef2920f661f,133
1ba689860ca474ae0106125b9dc4c5ce,134
35d846999a792b207d6a145a7302a9d6,134
6531b82b039559218be92a0e9b0ac2a0,134
6828aa7f2682a866aed060f537a1841d,134
1449b4362745cf515e3174ec9590e411,134
24dba1ec141e018872b9a1eabf50e3f0,134
e8bcbf23153226e11d06c4e3936992f6,134
e08e8b96ef1bfd832af97a2dffedc54e,135
cb4e0c4dbd5b351fef36aa7114b5d768,135
5fa5501e5e5fd160bf999da6258d8ebe,135
553d035ae05318688da75b1fcf66fe2d,135
58111769228b7e6104a06fd0366a6515,135
3ab4679eb99860c0a4ad2acb3e7f3da8,135
602025d0632f753c52095fe28b36398a,135
6d8bc19ae380143f0e85005f33b53b6a,136
80dbc9542646d5c019a6a8dd8acf55e9,136
7d04e2215a1e63a6d93aa8e42e3e6903,136
73f81fbacf3dfb6ec69ee44dfeedc9c3,136
644e4288e635ec8590240e849d074200,136
531c0a35edc73c9cb538fa45d7f5c977,136
08323ef6e7fb8bf653595254a23af3b3,136
b76cabf03545182661371e455201a8f7,137
f8775c39d3815556fd9465dde7191bc7,137
3df18e56e06f3670879e7af90c58028f,137
2028c1edcc8aa01362fea914da3a7ec5,137
98c06671514ab8b93a844adfd65f5c29,137
333a0c03e34f2b27f79654518c79415b,137
e1f4519f8274b373b2dab8aee7523510,137
f1c0e88e81febdd6cde8af2ae96b961f,138
2de805333201062d31aefbbd1ff2b5d4,138
1f3b06433e925f1cb6f4f44da697acd4,138
89db2f60cd38fd39d08866bd673c11e4,138
a70adfe43a191577be05f9415517fd07,138
a4ec821a8a2310a00858876348bb40f0,138
f47ff38257f6ba58ffd8ab5285ae1a22,138
823410ac4183c7d00286a02430386820,139
142c596486e21b0ee0640a16b076382f,139
22ced2401ef360c14b0c58ac8a25a3c6,139
6d6f026ef206d63611fc2b1d015e811e,139
2b0eac322ade2fa0dbc6e5b5d2d358e5,139
f000a1d207f1f774cb5e652e37112982,139
0a76d8c931b5fd3389f76510938f7b0a,139
edc2917300b4ca257c992b27ac6b91f7,140
83d64245f60eb87bc5a4818f1f5c9275,140
f5de731ba53ed2fd42fadf58be8dd47e,140
0169cce332a29a7088e8ade4cba9668b,140
284ea5335bb91f3f1015a0b9a9334da5,140
69347dff5c083eb84bc1fc6143733023,140
9a889806439e9e2b7f7b40a71829f5c5,140
400c210e576c3835c26c4f798a5ed0ee,141
8aaa8e907756d61600e9cb40b343abd7,141
6bf6864ed3ed34b36e1e61e81f4f21bb,141
c411188c8f986d3cc6ee7c547b37958a,141
5b07010c033d44a7d5d781d9e2b920ed,141
8071cb16fef96e05ac80b9b7a88781f3,141
a1284a8ac403140e2867adffe26e9f67,141
ab9cb9677aa51ffe601cbdc9cb6a35db,142
3964ede5bb7bcdd133a5d8982c559240,142
998038a9769b4caa186b20ec67ebed8e,142
bc02860817646dc5af47ac7a0fe606c2,142
4d45c8f9b098de23d047e68eb7debc7c,142
04b8ef8bedaebc8e2c0eb753a753f178,142
1ce7d7a008515e46f52b3e68014a41ff,142
85f3d648d46ffe4e0fdd6b3990ff696c,143
7328ec759302fb395c37d0d5a290d2d1,143
b4f9efaa297f7bb0f5e03353fac211fd,143
62b99992202e83cf046e00a8133c6162,143
9165d7e7ffb81eb95f1c0da397747776,143
5c716bd8d30c1abb150de9517bea4e74,143
3e5e0db49d1a88ebb51cfa95d7f7e7c2,143
9d7511a4c0353c1a2c4652bcdeb7e214,144
4f8b815e6ebfa2910d5f4c490b671634,144
023487b117ecde8609474a46871760f3,144
f36c3e5691a619632bbfee03a34624a5,144
b81e9ee0a52bca6e67b6ee867e3dc781,144
b5df993549fda1dc167da89c9ed40cd2,144
9c71d1bf2cb5a962b942b201e65246cd,144
d586a21f12a8e3c472eef686fffcbf30,145
ff48ccd0b2580fb4d540a6057b3165c1,145
b2fde2fcb1f497a8b9e0bf2c868f7ad9,145
69192af07b8a6a08ba576b7c6bd00c51,145
9569d535780b2f6927ac57d245e239b4,145
04353e35e3bf71cf939396c568187ba5,145
7921a9b7d9fcaacefc49be0548db5bcf,145
c11c02221d0b2d5e72c72d3fb21b2fc6,146
2918e9ed2e645c69254016e6c82d9757,146
497a68e419c1ff90aefe1dfe8221c32f,146
a42d53a41465463713aab389c8b0e447,146
8b34b36689828a2d0e9671cddbb13ee9,146
c3e16747144f5686c8f6fc7c0c7ef224,146
3f54d80607ce9df3c8e90fc1596df431,146
2a47bf702a2f4193b658a988b2ad2a62,147
06c547dcb8e52145baf061868ad875bd,147
f2d2f18e5dd8b4606362a31428e01ed4,147
88d0389f12ff787a005204879e9bd85a,147
4b411725244134391940f0a64f972957,147
a885ba75eaf0a8ae4f8e41fdddb10b8d,147
be40945bcfbecfd5efe73ce5ab5629fa,147
863be06455fc053bcb37021d060e665c,148
05226adc347ec98ccce02e15b00d1936,148
8c619f0ea8b394f9895105f30f96a040,148
b6aa25a029463622143b41a1e76b2b0e,148
2fee27145f05ee07b09dd3f5b3b53057,148
0eddf5ff93e0cf646a13e35c4140c0c8,148
c7b0745aa322dd0c9b5804bc359d25d3,148
297758d0ed51aae160f845f66556e9ca,149
15ebe2d0f70066afbdee84488dc4e899,149
40d30a4c4f12f00582d25bb834e89927,149
460275d6d78f669895a2a8bfc95a7247,149
c4205446fba0e54e820dfd3b6e11b35b,149
f49b663749f2db89878443f619bf2c2c,149
a67fbe546401e6c23cc5b12a1e4a2edb,149
f610b2346727cf9b65117723479f53ea,150
85c499ed80d6f683c42383abaf3778dc,150
9389176d770c27f7c28ba9442871070b,150
61296494bf4c8e0819f0c82033b53e74,150
76e1fae3e051b9b33cd8b7e0ba2a50e4,150
1afe2903b56befafafa22cdaa56af151,150
a133ae580c4644402cee42de03fba6ea,150
2f060ab83c787812e2d89c28df7b5313,151
0b089fa9f5958cf40df947b195807a1c,151
e8455989f6945adc4c51bfdd16313261,151
8f48f32207ed2c2dc599e0597aee856c,151
9be6c69bc435d16fda54de70808fe8fa,151
16e2ff16358a553dfc9244943792a5a7,151
a43887e74465d549eddd889b9ef41f80,151
e4d24048e5b3c06f3c44c93aa4a0f560,152
382d230519c26c5a2675b023189ea7c5,152
75ca21d5ee8361be46194bd004e61e3e,152
8f172bf549095bca5a6541bab5973349,152
89986029949267f9628012ae66c5bd08,152
8682f1eecc897f784a3bd18e5dc77b0c,152
224fae0332bd5b44afb0d427f0497f3a,152
8624292412fa5eaf79ce6d94ab94a2f1,153
99f47fa67e2d9ee2844d4f60d32e1ea3,153
96221fdca8fef21ca0746fa8cc96c181,153
1a94db99d9d4677a73ce9d5b988f6980,153
63e330fb37f89306725ae3eb0383f5a2,153
699e3beef38329693f519d0b226d9d0b,153
cc8311a2d61d72d79ae526fd73fe3cba,153
387e633f89f71944d2477a5005ca7b24,154
4a89be28917da6a8a37fbe249fdc02c3,154
46453cabb0550834c4e3bddeb20cf729,154
cdbecea53851f8c05883bca220fbcc4d,154
0aac5cb2b83a7928647f9631a83d6fcb,154
5f35859c601b5d0859f3abad736e7caa,154
2b1e309b95cbf02bc4b0fa2599fdfaa5,154
2f55f31cf8e22c53c47744d88bd81a7d,155
21eee4455aa80dc555a4381c6b842f0e,155
fc917389ed4d635f4a0d2c4f6817dfe8,155
5442d5210fc7cdb68728624dc4122af4,155
aca410102264dc7499998668e936f67f,155
db5678d6688e7e5c0675c61b042a1e5c,155
a561dda9b2fced6f22914285a982ad1d,155
260cb160338202bbd0499950019b037f,156
70e7baf756f8ef9eb57cb466634b03d0,156
c3b428b78f29fee0b4a81e214b019659,156
b3755a3ae8f35c3892402e458247e20a,156
17cd214b8163ce1a0db2ff815fd06eef,156
4b8fe58a89de80a1c893f6266d378f85,156
4e371c32e3abccdfdd42b3dc82248b6c,156
64dad4299685aeebebeea2c32c719cc4,157
d42a310a28452b84ac4b6b92236f5e65,157
74d0b627d6868d97f51986ee5e50124a,157
8e649c22bd3091347a03e934acd81407,157
86dd4de75ce8a8f65d126a35b8769d77,157
7db25a707959014be78335de70038e5d,157
2ba5622ca1f70813f0bd432e34e06dc2,157
e99014fe286b9f4048b8c3dfdc7768b2,158
8a40f5d20baeecd38c7cce30a1de74dd,158
20296ec6e6fcc93cb6e1d387c4933971,158
7b4db0020248f2f210f4017c8b4efc3f,158
24cd8f9f7ca3c84ecf6727df6c9bb8fa,158
4939b301d41249f26c3fd190059183ba,158
bd8c465e2654ff63f6d041a1939aab61,158
9bfcdcf362da05316c6a3565eb37720d,159
e60c708146adb240f53abfac8621b7ce,159
535ed2481a66a7f7369bbb6985fd5195,159
b65b461756192480f37cbbda4480f018,159
c04ce960d48adada679b7f1c28dbba63,159
40b087c2ac0cc0dd3f8d8c15f464d89b,159
acd994c9825193134ef2a560d93d412a,159
880349f5a595098fc6830ee62d36c66e,160
e0e7352f3c8f5c1932218cebeb5ff950,160
44872244fc5fef99a17f8873618b5925,160
f4af67fe5929a3b3d3530994b8425727,160
82a0f54153c28b82ca50b1f7b89b9850,160
dae793d7597539152350a58f01aaa3f7,160
e6f4327f8e880e50c0f6b5f9966408b2,160
516cf824ac561b4a9baa4960d1730908,161
db428a114cf1e33e3ba15690e1179aaa,161
2d1b724e3cb13e2f24b8e31399f81e80,161
4935ca408145e48336cb72d7a4ba9128,161
e251639623f9be27fc23d585dde0a085,161
03012ce05e0475cbcf4c87f537a51f25,161
a301dded8a62abd136a6570478ec309b,161
6fbf2e1b445925bed230a0594d392d9d,162
f558c554b679d16d8285a6fd31676ece,162
bd767ff946f0a24b45f3ad9e347e5ac4,162
e0ebac2c79606374cd941ffe1df561f3,162
956cbdc45dbb5ede92f8835b93974139,162
b8d91a19083bbf8664f682d2ce9f43f1,162
2977d63c8de11b0bd7305ab301ec5ec5,162
71fbd274f1ebe6850707266cbaa0e299,162
762d4abbbd7e35be3aeaf628ccf75a0d,162
72e13576c1ed692d43121a27564cfe11,162
61f8b219da5abcf16bdd7478ee52b39f,162
ea9586ea77dd5f3b6087063f60234091,162
a707a965b50fb62a7311e99f34a45131,162
8b1e96b762e76136b2081b0c63010525,163
3ac1c22905ac5e256a7673f380e9f3db,163
7500b2fb9507704b6b962a9ae657a1ac,163
1c34fc15d802c054f2d5bba3b043681a,163
ba4cbacc46bf14680d74f015138c1c28,163
ec131582dcafbe472c49c35a512e5aa1,163
25947e05b51099e3c017c342f022c2bd,163
468709782c32aff564c7b7f84d1a829f,164
c8d352fbbf3511ac9f9a4adc51a5b3b3,164
59b5f32d2f315ef255e04adeff6fa1ef,164
dcc3a9e0c3f473816bfce6559728b6ae,164
def746cd4ecf8ee5659959d3ef4c0c8b,164
a6322cfa150b779560dae2e5b263a8ef,164
8afd5dc4e5e97e730ad5a5921cc2d860,164
fc78a2bc20af7f8073aa911e743ba974,165
ef397c5f65a61d459516e8ba3fe57f06,165
c133007b96f0e60df083583ca4548460,165
8aa2c1f8fffa06818ad7d56efe0193ca,165
7d0507076bf7a8e8571e2867c3d5c268,165
73ed9c546a60906fe50317b81e177f6b,165
59243d37c65fbc5ac2ccc118f85b18bc,165
f7612eb79b8e391979b2628ae69ae429,166
fe2a95e6c62e64c7fc77261410f2bd49,166
03b57293aee63fc2e9c796a6fa87e254,166
4d03597040b3dcad6bb3f84801b61164,166
15d8fe63f667781850620a7fc7a857e9,166
e72e91f351edbae59974caf6d405bf21,166
cffd6334be5580eaf975ca34106d850d,166
ea4fba04c3e157d7bf507a8242fd7a98,167
5bc999549bd50d65d7d13d7fd5d6be68,167
22650cec5157d3db16624d757a185c75,167
3c339c4fa1e756b1481909c2a5a16227,167
0c0a095fc0ca7a4b2aa299ea4835819c,167
390e873f0404cfdf9ef69eda2f6033c6,167
ee2fd07d7690143cb9fd77305b0368d9,167
ab6ed5f39de435aa8b00320b3a029b63,168
7d370e95cf48adefa2e91fdea7990cd5,168
6246bff536ff39b9109e70a13ba4fa20,168
ee122a95df7f5a092ab28e464d417522,168
095a035ea34507f9daa1f788124c75bb,168
15a5e9cd9a95dc7e0a6d8fc7ffd044a7,168
e8845257b626e0e61c1d26e21a557bd3,168
2341314d614d2d220dc68df187fba420,169
151a1ff549d3c1bfe878e976a012bf48,169
eff457726c91fe3b6ca26fcc48470606,169
7da4c7b590b60f47c4dc9592fa3bc77d,169
6b84ddde36abbf9521c9be7b43e5af27,169
d947c84ec2861c1243e05aa9d216c4bf,169
6aaead7d74f72f065419e95f7487c547,169
28d4749add0c63403d7c77fff9186261,170
30329037aa03811d74cab37316423c35,170
75797d0eaa1b962b5bb8bcf6fb2e9428,170
9a0780568dc645cc1642117f489e50b7,170
4eea3d11e52ca182924497af7ece8c1b,170
377523cce9b3ef7e9632684e44a00d90,170
268ad7ec82570d296d3924a80240dc4c,170
4f06383f09c4899043571e78e15e95b1,171
41725aa6a8ccc1d271cbe2e071c3994e,171
aca73488d10a733220f5469b6512e670,171
a5c6c9793a7414e26a32d959f5394c0f,171
52c2708d786dc4e2dd8c48bafb090fc1,171
2464ebb4e4eb824bb620e86e9dea0a49,171
52ad68da54f3957dc828c8ea202d7da7,171
e063c99f23e960e2585291cc884c59f0,172
ca020d3b729bde3b928b5bf8140d94a9,172
6c5f6140c2748c5c4d417078c981b64e,172
c1ddf205cf201ffe9073f1f2bd642916,172
010bcec0bca07ec048d5e3c5d2900e0a,172
cfafd5b1cde63c74b1730228ac10d93e,172
607093217e200fbf667781c76b9141ce,172
47fa193c106f17bfd997c74403ccd089,173
9ea4ceeac3c47ee0a2b104c78eeeb677,173
7f8fe6cb2250e08f3181058c54012e52,173
9303f91464d59af65a2f87e972815fa0,173
080119913d79a4490e36ae70b1bf2eec,173
0007e506dfcf0459f7035fe9c3f33dc6,173
5c7253e97c9838e9f69f3a55de1a61f5,173
b1b9471103bca862f261796e17182cc6,174
55c268e559d01a5cb9176af1f45c9709,174
c75591dcb34444df02a3e040f04a3ad9,174
9d909ff8aa51b4de4a541b4d38b6f0d8,174
5fdb1c9c261cbb4ef93ef3ed10945e4c,174
d38a4ebbf06bd6e1403a5f45c66e8c13,174
663bed79c92d845f978992afd05a8d85,174
3a8a5b53831533122ed99f11e481bc17,175
c55d1e1b8f1cdfd2dcc862539056b8c5,175
c2c098e2e7dd1da60fe8ecf2b2bd2d49,175
9eda6f80a989e54edf62c559bad05d6a,175
58abdc1641cb42cdeeb876e0787b3e17,175
fff7531987a53e18070bcff8cde7ce97,175
54947aa22cf70aa04a09847e3c6cf0f5,175
4713ce52bd2f364520b7a08e36f8390e,176
cb1b37a96606722aad86334d6c4a80f2,176
2f3ee1ecb4483b3ddf8db4ba8675dd55,176
1f400f3f021e50e0f7563cafc5ed5410,176
91c3a6079bb37124fc22e9d83c82b873,176
476533b40657685366526c525712fad4,176
23b8a6067575dc972162f9336a3b1ef3,176
12e62c7cf0c0e62c2863967c8a61d86c,177
9606ccb6d6d34ee831beac7d307a5958,177
68782b8e0f6ef407557ab9c483886b08,177
7fcf7ecbfe83973593cf1ce25eae14cc,177
470774f1e6ba32ca6a8e398f9209af0b,177
cecc085560b0d0d0eb133cc56e6e74fb,177
463d9a56b66ff1b6e03b1ab67b35056b,177
e466156c39ecc2de93d3e3d3a15a0c89,178
8d8516b9b992a4f990a63ea26624f90e,178
f7f259132ef01c0c55fb084303e15ce9,178
e94c65a855591e8355427dec33bdbcdb,178
568973ef353d2b9975c4b9ed38fdc9c6,178
da78d1b124ea103a64ef505d91518877,178
37065d6f8471162c4bbc9658a9454f9c,178
f93082ea0b611eaeaa74af293a5194d3,179
942bdef8f1ffdd6a62dbb1648820533a,179
873c662414bab997fb9746c1133340e2,179
bef0a4cba9dc9c7f41d3715a255a48e7,179
1f3b96df988affcc5a29025f9010b169,179
929e5bc903c141f830ed882507706ff9,179
f5efc4522bb66bfe851d9b0ecd668772,179
3797d0e6f48ac614fb110fd4f99a80a7,180
4e1a705af589b16d28f2388ca039e3d2,180
b67c32e4254c6c9196352b68fb1f2549,180
58ca076a89b4a8436593f5572119fbed,180
353a464acfb213d86ddba790ad838648,180
eb4b4e32d2722ecd2c18e288284e948d,180
44642d4dbe818f8ce1be043526577a59,180
e0b8c94f2dde3865760aa92b3f1dea5b,181
e226c85e44b967f17adb7ed67c1dbfee,181
645a3849beff54995577c4b2a70aa398,181
900d98bd442ee58cdb6ea8c34dc66907,181
8bcdcdccc0b4f3473a2606a743f29756,181
99a4691471042d810e0a132532d435fd,181
5b4aab4df1c9e6dc1aab157de791aa05,182
50923d828fcb625f5af4de19cbc96590,182
f94b6524be47fd1f925751dfce64943e,182
8d76faecac2ac671d6bfc1d5b220fc4b,182
7d8fb570a1b37666e08c39dd7ca8e0b0,182
a4bd9c4a24030b94d5481ff01a303fe6,182
dc1f21a6c7d7161e14b8f60021b38f27,182
5fa99ebb8314d33d0983d6411f63355e,183
9541f8a6791abe469c0e67a933c9180d,183
a384dd0be125ec21b3789b84ea803c88,183
728aee6935676e2034156c454844b096,183
2da6b9e1344ada5a43f7203db3c8f180,183
180e1f66a2bd7dc37480861a37232537,183
89f54f2ffd8245568699b9c30ec77cf8,183
0d784c844b92ee4ef37de074cd998049,184
0b7ab571080f839e32871613fbd94024,184
6583f3c689f6fdee8f966eab5f110fc2,184
a5e6a830fa73caef74bc3879f9e5e792,184
3505594435e75c8471c98a99b8d80066,184
20a9f6122a9a3d8d485a931cc9e8e8d8,184
61a3b43cd81859ec9626c1a39c531ef6,184
14e515fe25439df1e6e5a4ecf204fe55,185
133e493a4eba18460048bdac1f69e04e,185
1af1e7e24006b5d9ab649abb408d66de,185
4f485d2863ec6365a7b31e2333e52590,185
73824db45a2bb3bc24d256c8c39396db,185
fd399ace8fdb5a59c69502fa08033bd9,185
389ff2732a32fd89232bba2ecb1c68f0,185
14d5cf33a930b220487b6e1ff5c60f40,186
9fa889985289e6f2afa26f73880a78a1,186
c3016049aeedb2dc4448eb4f3acbc5d0,186
384fb01bb54d075dbcd9087342be6537,186
c7623318882039aba7589dac8d2728d0,186
bbcc1eb447fbee906072231a60f26cd3,186
b7f4a65ec9ec577d7f44087355f15443,186
a77f6379fdeb833fb821fcbd376e5941,187
164d2cf5e407164bae2ab88c1dde19ee,187
973b805f3b166ee58708f38017e90118,187
33c920bc38c2dcc2dd4e19b6d6bb7d9a,187
34268d2313e841d6d54d747fc4dce5ab,187
444b14379fc8d3f38bade758c7960069,187
9ecde4d2c296a4235a5c5aa0c8bcd848,187
fd4cbabad82ad97bc593721a9332fff0,188
89983045341cb689ea30fd83df9224eb,188
183014e239701a6c5b4f3c13c7455221,188
35601b97595ccde4a80d703a453806cf,188
04c302403382a15784d732f9a6bec631,188
8e2e4a2eb6a1c446c956c8dca1fe08ee,188
5a4d48345aa0a0c56f06a9bc11d41465,188
2e3d1f3a07cd34b322925cfbb9ea9750,189
a3dd4c7df67c631d98b0018217fdbee2,189
7b2f5fd9055ddd01250f8d9e5ed9ce77,189
97b2eecdb01440a2784a7e368e9b43a1,189
43ba99a871222c2b7d0012c28fec5609,189
e7215978e24f9414bd9faf3cf5a4309b,189
cb57b194b06348c04d0665f53667ac81,189
50f815b420f32deb9316fe7d76a71c2f,190
efa0ed75e8520de700edb1a552a72e1a,190
a039a92d935b2b834e7bb4b4c8d8916d,190
9cc31b0605a1d6e1673dec82cd5469d8,190
c1f9dabcbb36d012e2af7bf6ff8d1179,190
bd1ba63a66eac25014c2af08e2e5c0ed,190
1e94aabfe3887a1541790fb06ef0844e,190
fe524d4560877769f2e1e78b281070b8,191
9ce9efe9e806fe74729ef7e24ec17eec,191
214f1640b4f4c348cc7e8ced2fa4e4fa,191
d782bdf5d96eea530be29a77ecad0f19,191
eaff38c3a5732db5aef6b5fd1512512f,191
9534528311b283492337e2610245de59,191
a42f7521ad37a6c0af0c6e934ca437ab,191
c53a5b4f0d798329ced2cdcdc8127ca9,192
7c09204d9d18eb342663705cf03a5e1f,192
b26fefd089b44d9e65a84d266aafc239,192
df9ca9cec99b09a55507c241090bd7ab,192
6601b62b124ca650e2c8d90a7558d4cf,192
e03c80ec6faefc73d2a0f38836a98816,192
27c80e9961e049f95bda32acd9f9bf7f,192
61497136394883cfab2f13d89f06233b,193
eb1b170f5ab67180ff004b4f7b1e7b12,193
bb0fbdc984fb58b30b7ef391168b4187,193
b1cc2efbc9b613ef86adf51a61c41704,193
60620550bd76f2910d1776daf8ebe4d6,193
d827c6ccdba1f3eb6fa2d1847fec7054,193
7cf8f06d86eff713c4bcac14d2b56842,193
4f9ddce405c3ee6be112bdb65694504e,194
52c77496064ff78d3813c4413de82cdf,194
b614d2ef8052c3fcc0007b1769da8c57,194
d7b5fad6696eddb4f4780e0e7cf82f85,194
efbbcb061d0d1712dda44897d8a5d69b,194
6dc3dd7b78aba842cb4e7cf25670d2e5,194
f451a6964868d22130647c1fcd7f0bf9,194
43fcf480ada710e98e914412bae1c833,195
a70cb50bf84caa2d73b1e4675320865f,195
2a163698e6b8599c706a794511061f19,195
1e6616ffd491fa7f6c11e311db8b68f7,195
81331b0bb3eb0ca4eb600a61eb0ee083,195
bd3d0cf8cb8363a4cd1486634733839b,195
06ff4a33f4718a26cfb6be2663826b28,195
ede22ca093d7a435896afff6416c984b,196
36c8d8f6ce22c28dc9184e837f7222f7,196
43531bd93a5382af46e8ca410a5524bd,196
1bb46e2ba72eb079d8a5e072076305af,196
8c6fdf438f48c77e90a6fa1ebcb80e67,196
7bdce878b48dfa20cb342b8d95fcfaf8,196
2915df6ffe596fcbcf123f2888dbc0de,196
1a0cd5768f34409c76935399cd9644ab,197
29238eb39726eb789ed3d7e27bfc61b8,197
45a82eab0f4987d326c927cbbeefe40f,197
00837b0bfc7311ec81812dcf219fc29e,197
50bf645e938c29652f3a526993cb92ba,197
4540bfbf8e0576445e3cffce5104b300,197
494bf90513df97216b4698c2bdeb9889,197
fd86f5c3f1fcb6348f6d9f2286775990,198
8830e175f22e326720e1ca18d2d1aeb9,198
9956ddcb6e3976187213a4b98b313cba,198
d0fbedd019cac026083eac3ec272ae8c,198
dec4dc14f2250aa424d1d3b2be75f40d,198
0ddfc21089aa829904dc8a425d80b597,198
3def524fd2bdb3ca7c1b268e8f3a1d44,198
7df2099af080d192a69590ae4f035ba5,199
338b94bff8fb23560c89174a4d734fc4,199
7af28e055824298039ba935b4f1db873,199
56d6f52e9117ccf3f23f26d87d139d73,199
01c5f17156ba0d1c8cbc5663cc91ebd0,199
a4975120b696897bb0fb9f2db2925581,199
996d869e78c5185776fbfd99aea74a74,199
33d97bdb5e6c5a75ad28b652b8eca92a,200
ec106383fb5c375507eaeeaea4b6c502,200
b6dc3ed2af01d9cdafcafa351d3ff7da,200
a0173c7a015b1a5d24b79dcd1ad91c6f,200
3fc126704ecad4e90e69745b563e5072,200
84410d5c4578a5e35aa4ddb69a825517,200
b7890645d3174c7775f3684451bb1d93,200
604bae599ff86bafef8617c5c0b85fc1,201
4b4ecd295117f46be054b60c8e150f6d,201
dfcd25ecd10b4930b47889e564914139,201
34761540bf53a47216921b606c8c147d,201
f416ecd0a3fe8ba06ea24fd2290460e4,201
5b73a067923c0d4d61b9f8b5bb7f7a67,201
d76fa86f1065ce72fcadd1980f221ada,201
113e3f7a5f94103ae5e389324e517ab1,202
b793d4fa807382b1a607ab983917e86c,202
cb63810797382b17909b8d032c606e50,202
8141d19728288501d2e24aa3c70fe838,202
5a5a8c8cbcdcb39166e948ff03c90e72,202
94dbd39523f10e909b2ed7810015d28e,202
05d5147c0d82585e99eec33c786c2d10,202
50ba2b0dca52ac52ce3cb5c4007be402,203
1b242eb4a9a8b018ec035f5f46c20fdd,203
2c12a34ab6bc600a52c6272c6724261f,203
1b912134408f06cf5dd0758c447ee74e,203
c924c94a3ec8be66b3d07a79aab438ec,203
1cfcbed8de97510a46fa0b8c01b52c6b,203
d4d2d742c5e4176a390414937a9f3c49,203
e7a745eddbc14f20102fa4fc60f98951,204
118a57f432cfe6d5f6ea9ea53e2394d1,204
be032788d3c3a49a26e2ff4ab2d4e0a0,204
86d94d4df34681b8b5c383d2112841b3,204
b5ae8f2eb8138d2b0294b5d44788f048,204
d1d68b649836c423645e0cf0b199d94f,204
a3e221f22ab99c099546c83d7c72db29,204
38ffa1aa5b7f9f70bf81a553e69be9ee,205
528a89145891ce039fda0609fe415ad7,205
834eff5712b8932568404d3d3ce07e20,205
e39170220fa0191209e4200577a1c3f7,205
dd31c280935fdcfa71b48495c6206ccb,205
c2b8c55084812434be5eddda0af5a01a,205
114b79f694cae1ca439d2f216fbbb3fa,205
6a95823ec43f2818128ac0a79e3b444e,206
034d9912f9ea718f889e8adfacabeab8,206
c4b34566b7daf67ed6feae6f6f29935d,206
9745e01fff76c1a2d4f1cd645436caa5,206
bca101a3180983dc668ca3454a3c0dee,206
b5e208f5f2b1ec0e208751a95bd2c8e6,206
d1f70262534da0ae16cd651eecb9cdd9,206
9bb9d9237969cec2883be554f7528898,207
8196425d9646e3f149adf56f407b030a,207
9d54de3f1c60c8b64fc1add7e7f1874e,207
74496d0cf00884b67155401e902e47e0,207
45d4de2041ac675a1cabf08b9a74b90b,207
fb70d9067c397ae50a9ad4c9de1718f3,207
8bcbc5b80b59dbe997e2123e0fea1126,207
a12250a0f9945e412213a948405c962b,208
453cf26029f0640fb58d07c52c630410,208
490d4d563b8d642ea879bf353006f41e,208
5f585abb7d8391c4c01772ebeb4633f8,208
c2103a99c83e80e3eed25e8dcd713f6f,208
911706f6fb64367342b0c08505ee29b4,208
3cc1a6122aa15a055955e850be08eb62,208
558723ffa482dc8d9cc756c86a60573c,209
146b20e0fd39b9c25cefa02f87bf6397,209
7d0303e67279bb0a9a03a6a15ddeb515,209
f8f763e691b32aea709a67f1ded99564,209
53a998fa5910ed4dd84b1a4660f63e11,209
c1df342f6e278669f24ca6f178bc0c7c,209
3c1659a3d1880d4ce0365c51da750ec0,209
7c710a59cf19d69226df54e55b1b2d5b,210
9bbfc8954549f56a4f8c15a78429cabd,210
233c0656673c41fe7e915289b61c04b2,210
4fb48d82bb8bacdf3fee49f3f1c91d98,210
00224d324d766e9ff2f5f419080a35f1,210
1527ed43779f8dbdcb86fe219fbdce48,210
6d249521e959fa29c0f4250a089dc850,210
5671bd7f057e9b8a2f4cea8ae0ef2f3a,211
21c866fc58492ee4e4eeb75a499995d6,211
be2253410f89002d6d92403921227b00,211
5e8f16c30dc277929bd4123bae36f115,211
f0db9342265a7c7c9460db78f599697d,211
4f122edb0190b8487159fe705e93213d,211
a74379e99057936af61271dce5016930,211
6c83b7d70d5684c20a6d882e55b3fe93,212
a6e1764d4d27d2fb927bad2ea8086d91,212
dc2c7d2c142d2ee6c7467aeb5f83f1b6,212
5cfecba26c657ed628b49d55c9d7c125,212
2e4b377b629f088a258d8c613ededa53,212
32cad5255738bdaa731cba9f1bf1108f,212
e03007cd1c8fd6db0f2277d94b37d3cb,212
f427e713aef7365f7a0e7267c723b492,213
d38e2ee1d55166199880c14079dec81f,213
fd31a996c04557b96d0dbda987a5dc24,213
62d2fe29284906896d5bda93f7628e03,213
832933ba0cdec5d6c19ba0039659b195,213
8619d05c66a20fd59c4042d24d26abf1,213
ebfb33123ca14dd1af005658222299ae,213
725d59a9d665ce250660cfbbaf9343cb,214
a0c7ca0ebadd39aecf2473df55ea7ddc,214
cbbef5e9b2cdad6a55c4278cda4ebc83,214
9586c79cd4eb4af981de5f2694a8640e,214
be91dce326b5534ff4cc48d10b71ac0f,214
0a334ac97113f74492169d069260e22f,214
aec29cc85f7ab709ec66f1ca5432f9e3,214
3cea309660b7fdae647b443a97c6f10b,215
a3974a379d6c54574b77fae51b45454d,215
c8b15012f1805486cbd501e9ab3c3191,215
19d2358f6e6dcb90a85771d62445f0f8,215
de353776e934c82e99a53ccdb65f0daf,215
e7ffd6c04ff1c99d3da5b138a6115f30,215
a40f0ce22533bdbefed01ca77d55f8d9,215
2882f29b0481e91284c96c6416600bab,216
6db85fbd3fb3207081eee74b61b70f33,216
9c02c56e7fd23b97bcd7d8bb245fe742,216
fe6a77a3c5b6ce100f850409af595d2d,216
3376ef9f7dccb4ccc4d792f8888a8b46,216
1094fae33c238b6af5ac877a37905169,216
cb71cad1fb7195fca504dcbd41c1cee1,216
cd2d22f8afe41d9a04ff7f9b595e6b06,217
00689312bcda554fa623871dd0fff383,217
35f6938a14828c3b3e07589f2a43fe48,217
c75933ad0f2f2d49581c4a4b6b99e448,217
27050cc43fd6d441aff2e264ebce0ce8,217
780df23269c699a8defe5b21ca3cd829,217
244b9f617ae3cb2d21b38462c0d863c3,217
441143f64ad8dad17bfdf9456ec472f1,218
0f796031eb609104347387d037c7a181,218
8b5b388780ce4266fda5a3df11e081b7,218
80cb900f6471aba61b605d78003981a5,218
2b3d83fb37e89d745729cad74ff556a4,218
15a3ec90563e402e52032e227db5a37d,218
1b0c60f37738ea1e9a4632994453c3cf,218
762a14527606405b918c9cf18dbcef9b,219
8701d0d7954b8e85b2d09e696713aba8,219
86d7f177f7ad57515dd613f5f5a7b20d,219
e4a470a9cee61e6185cd053fa5117aea,219
dd0a30d5447820aef6a5def29b48b1e2,219
4ecf26167d412c32e24c6e9931454e39,219
f84b594daf2ee7c275e440ebf6fb6b81,219
3154f38aa171fb00f13b0ed855cdd3e8,220
9688c62de320a27f43a8309406c8c504,220
18a8e8e4437ff8e3c165227415857a42,220
615e76f3808b943d80010ae7a9c1ecdb,220
033fdda229a216204b78936ebb0c27aa,220
e8cc0310940041185be24bf5e58a2999,220
816b9fcbb163db0ec1b89405f7b133ab,220
772a8d833467f99bc775f3fef37bd666,221
b6eac475f731b3f8092c96edce873546,221
3d2aae49ed1b4ac3efa0f189cb510811,221
7e3e2c4853c506af4000fc2d2963a2df,221
40fe420b2a21e6052926692e486fad7d,221
84096d5d45e06c51126a54cb519d4a1e,221
8e7340f68c3a1d964faa91c64ae2ec4a,221
0a8134ae5c38fb50c75c693ed9c9a5e2,222
323696f237fa76458c7a9ddc5de41986,222
4c7c55af2b924a73e60606fff24f9fb9,222
b1a1279b976126c02eddc82e6b2d758b,222
088c1ff3b22609bcaf8914a3f9c15d36,222
166070eacc8c89b06421702c71ed7d8f,222
2346ca3f33fac9de4918caf4ac846079,222
dfc92c882f1e79e3dc189ebca140689c,223
66e620dc6833b5196e9fbdb2eabb9083,223
cc5184e105d86a47c1df842bc4aed854,223
6221d57b0589088b472181b2194ca458,223
33eecefbaa96fed0dbe5ae3221a9a981,223
0cfb8e95d8092091e3bde35e006dc628,223
753b1d1e9b255c389dce996079fca98c,223
06c1255effcf742b7918ca09bcfc7397,224
8c9c3ac47892951d510077389a65bd23,224
fd4b65469215f177ece36621cb44015d,224
89c3e63248e621d39d965dffc09f7290,224
a161c4b78e728d474975c3db5e24e62e,224
afad33d77f0e4c4e5dd1b806d83e1ecd,224
981ea544fcc482a307ce6bbc8b127186,224
bf084efb1526551b5624e421eb5e1e3c,225
94759bf920130f586fa3d85bbcda80e0,225
93c5e8098d3736cbe16d54f807a08dc1,225
37c33f18db7e8d72123d746a22104bb4,225
b67e3588e142d831707a3d54891fe2f5,225
bc119d763b7f05c5ca17f07af911e872,225
4e86ba2e3a0a01b1c6809fddfc6a3c63,225
66d4e795e785208c13be9a78351c63b1,226
c820a788c46c4f0df827a4a8c5d86a78,226
3ef9a4b25dc632b1eeb00c2315a7fb52,226
9462493a703477f07b36410022cf7c7d,226
bd993c159f7b36cc56d1a8cd2c0c28e1,226
6cb2b0b9d525fc9f263aa4a44e1809e0,226
8e6370dfc8cc3d1566bf27cbd47b2bdb,226
ece00f456dbe3e9997675f9f1a3566df,227
c03163aae6172b150ff13eeed9c66178,227
d024c867330f67ccdfa670cbcc493c71,227
3175ec9414415f91fd1bbe61c722bf9d,227
fdb44ffb66eb722dc612a818c954f5d5,227
571a3b5f29c2d207d77688814da4a8e3,227
3e37341260fcc2a6edb70fd4392a78b6,227
269277eb037b25a1a96d1997d481c6b7,228
2053bf77d2e72e9fc69dda2844e80723,228
db8636bc641eb473ade0756c42c6deee,228
bc43fdf38460c5fced5fe48fdf3f85b6,228
075689943ba1e3c7d0ad6b1359bc2b70,228
770a11278289a8caa24f83f2fa9b6652,228
40a868ea78bc3c1bd190d5cb4cbc66a9,228
476ff2cc2076f9cc3b1b36dc5d51d832,229
5ce886cf224efdce466ff5eb9ee67f9f,229
c531fa20d159778368b87dbeaeedc94e,229
1c92d2d960deff17f516da7b76f27a31,229
0ff54bf5aeccf99f5a97100fdcc31694,229
18bb01916a5a118c5bff510b7544818f,229
a6dea5067a6b2664348089d3ddf3734c,229
fc40ae470aea770b840469e9e73eb061,230
097e092d1f9c5f85193df3ba7bb03292,230
62670ab680b0ff06f530ef0ac753da79,230
33898b86755d734acf20f863d4637db9,230
493dcd236c46812353b41f7408ebafb5,230
ba2b4525a8ebfb530700eda080e89360,230
3c69e2e449156fceb73f898aa85d628b,230
1f414b9b65b1bda6d0eb48628e3b7560,231
8f0153419f93ba9104385ab390e46697,231
42615c6eee3858c31bcc9b637db963f0,231
f0d9b7bbd11bc27946e8e6508aac18b3,231
9d11238168dafae27f7acd8696eb6a51,231
99704f577585ae87bca71414b0de13b6,231
3ac541f16fcd3d50f229e41fb4fc3ff9,231
77d3f00707de92f687c835b4e78ae025,232
bbaaa99752ba232e31768b0c7e6e8d17,232
07eea85a88b61b629a4662fc10d8cb3a,232
cca3be78dbbdb534291043b565130834,232
bde15a203e1860156cc500585aabc604,232
d88907e1fe6d7144a8c321d6a655af70,232
8a983fff2920154b9544d52987951e80,232
ff58a0b7b780313b82d5cfd2c36bf0cf,233
63ee32895aed8186a2472f15c7569621,233
206a5f19c1a29cf1053f41c0438d21a3,233
a9047ec8eaa8835b3527248b4f037ed4,233
2b2be807cd3e6267cb895dc1bac0e2f1,233
ff75d8b66ed3e5170d379b4359c186e5,233
85e0c6e351271b2287faaf7af0bd7d6a,233
a521551f7c3b5c8c2f2a6b6dca398f83,234
60a59e54df068c534c004e664c5bfda3,234
b79230d515ad4dbd7b9225969d322d89,234
2fa498994e56203b3572d4a749a25f66,234
1484c1c8c48874fd14d635c9e2c70d2f,234
8c2fb361f81445a81bb529db2faaacf3,234
c48e450448a5f8906c1ddf2d77b43078,234
3fda2ca1308195b911da6836ade22e5f,235
5de1b92e51ec3e6c62a2fd9a85db47fd,235
2341936602a4f5606a1d68a96c561a72,235
a066094cbe387b924ba2ad8853797ec5,235
f09f568b21a1f9678a542bec33bf3315,235
0e1cd5bd10dc034d593976ecdf43b8e2,235
7a8f5fb2e70dfa9389a2a84d0927efcb,235
2aa64330da598d793a8bab6015877884,236
81078c46eb13493be3ecd3471a7199cc,236
1902627c13d9f545a5f0e9c3f7316a47,236
0c4356492cd25c5b3d85acab26a7f5e5,236
a34d8de4897bbf0e8c8236b1a0bdfe2d,236
6d2a0fabe13945a97b3972ac4f6a76f3,236
41aca2a12d2e1de1fc256ae5406b0177,236
c92a0e89d2637aff27590a15b0a9a9c6,237
d6335e4b2c04a25cb6bb5252c01f6edf,237
c667588314bd68ae522d4e55bad134b3,237
62570e62c35a771d4014d5b8aa3999de,237
038e1e5625c98f0f2bfadfdb6397abef,237
950c66718e356876e0eef6660835ac53,237
c05057d439debf8ccc3b64081da1ca96,237
eca30d8a2b87e365923098b8e56791df,238
9f115805ff0f0b72d3c05aa10aadd7c3,238
d3931dfd00546f254ee1f3232ca5f86f,238
0f44c392e1db213405da3e2d480791e6,238
6689ce1cd324c68734177b7c512e76c0,238
29c22392c02555525a7bdd64bbc09dc8,238
3f21e490bd8bccaeb3f7b86a2d43a88c,238
e83e1b4ad5a5f93c7af964f460079d0f,239
ee1f8c8730dc734fedc84c131e82806e,239
dd4cd31ea51d2d871038c71058a94be4,239
e2747cf28f9452a4855a4bb55ca855e4,239
0191573adc0ee44a90a7e52cf6fdd76b,239
7fcc430d8a4eca031417f619ff88f699,239
4b3c0d2dd5518b00008963a81479a7aa,239
e2059a2aef506e4177e3e59b9e7de923,240
8206dbaf5d2233c1ffab367f809160e4,240
d8ae3776246f7cc9033574bdfd6cbc38,240
6f474ae70f3df238ad95b10227d1199f,240
2fa06a17cc66710a02f49d3e1748d013,240
3883ddafaafb2f7c3b8ebd55b0c81ff4,240
235a0d26dcc461e56d6cc23cf258d42e,240
dc437965729e0cacb8a6fa3a50a6e259,241
5b4de7a532b32a6f660d6192cb716a5d,241
9ca36a7571a1cc0707e6f9f2adffc6e7,241
75683121f7a6a1342fffcef6bcbbbbfe,241
58382e88d917c57f1eba1da400d1b4dc,241
774549455445eb34de10b3c789b6e717,241
a8104fc23753a3c4c4024f5302044654,241
a6ba6ac040bcb97f8c74e6b72d03020e,242
44842e972feb7ddc249bbddb45ea3d79,242
00966a5592ce1e8210cc5a3e3c76beb3,242
f8de626579335fa532c274a20d9347f5,242
c3195340762593dbde434ccfb6ed6e1c,242
36534bc2b5aa02c3768c723e24e1fddf,242
e871a9ed282f91753e80402b6c33d744,242
9ea9ed2dfea317a9abaf6e1ce97e1e15,243
afc1272714a40cc3aa04116df22c4de4,243
d873b6df1b4d1d8729654f4258b50143,243
796ba758fcf5d760a89bd34193c6ae94,243
8f1da4e606f333ba199a48db4c100145,243
e7e84c8d03868623ece950b381232a51,243
82083ca2a4cf23214ff5207a5f27cce2,243
17f27e0a3fbb08a5ddacf939f5feac9a,244
7e18d7e36aee8a345b3df176e2a5e3f4,244
a9b67d2acbcafe697ba3f34121a2f061,244
a5ef8641a59efb95b45e133e70e2e8bb,244
84d51042bd8066a086bbd97eb09bdcf6,244
4aa2ae1c99805526b6bf574ceead30ab,244
04d8d7c0dba8c34380d0f2a4a37cd205,244
bf4d4bbd751129528d3448bad509d3d5,245
cfbe2252e7af380738e69ca3f49b4904,245
a1b06641b9fd6a45ec2c2353c042e3da,245
dee77b65594db5c5456d82d87115cee6,245
d2b6a585074f3137bdf22fd68cdaa741,245
21abe735428e7042d1272376c834ad84,245
b5efa33184d69ea58f5d78b9c5e0a424,245
b76d1c59c7ffdc82cb9f2f395e57d5c0,246
59d980d64b05ca32e11d92e1085c404e,246
1e1639d9c92b469ae8dbd44e8fc94c12,246
58d0dd82ebf1ef9c42ee1f2bf38c1fed,246
b137847ce8ce14d5ee51444666fd4388,246
aedaeb06dfec7c2e4a177ba9cd3a9967,246
2ec17d9b38d9164ca4c6bb49caeabee7,246
ca9280161e569717560d4a71c3a9d387,247
a7dff4681f0518ae036a473cec1c0333,247
d3c9c4fb1ce79e863ed5d8f5b4b878f8,247
b59f2e5f0c8468c134666149c74eb578,247
9a622801f56e1a92d1d916fa374b5da8,247
2840f4f0802fc80d76545da6f73373cb,247
2debf32c42381636c67a782674f8e6d4,247
9692a66e7c580b926574c2c43516cd67,248
000c43e99bdceb93a39e729ffc38ac2a,248
e4bdef5772a4a45f95652918e3fffc08,248
1a58d62458ab37949e60a30aae695c2a,248
1ddc9dec2e0249651fdb5548eb6860eb,248
a0240eb9941db9897ddbb37e408d3298,248
ed25b06a39e9c321bb0ac723e82c697d,248
95b61224a56d9f1e90efc9b7d95fe0c4,249
3a77c1e4cecf7a8c4f282bfda29a036c,249
00944dd4f6dd0a620be0ab6686fdec98,249
aacaf1c910973193f499ce870128b31a,249
45e8319113f75183e7d77f3bdb1e7557,249
b0fe7ae67ceb610011fa2a9e04fab628,249
b587a393a4837eafad4869c87b98fd5e,249
cffdbb976008fabf9c59431a4c1c0b73,250
571ba50798b7d775bcab2b00c3ac5c87,250
43c404ad87d77c0c057d74cd32a61fba,250
b66575f9ec012c9dde67d1b5292d88b2,250
38ff35d1e84979ccfa365b2358c5d101,250
71ea1eeda618ec852d4d26af299a8425,250
c3a02a9ab9e21f449a16949f8d2fabdf,250
63638e035d6f7345d08241030376daa4,251
8b1b0981172088adf282baaeea2f4cba,251
d91802e7ab2fc7ff004b63f2869e0709,251
cc3275d77ee1a34fc7c9a8103ef05424,251
cd6b4e68da10b772e8e4df23fa474573,251
7be17e661ccfb802bfbbcc60713bc16a,251
417eba603616d9fba5d86cfcdb088ff3,251
d797f461c401b47a1a84d496a686148b,252
b5202902ea574f0305d443aa3c0273a0,252
a2d43eb5f90dd44650351ce6fe1a6de0,252
e433d2e72e0e7327557cbb3c083f88d6,252
da5f0dc7aaa1b1c2d7c6c93a717a48a6,252
99fbc747581b08e2f920b8bd7ecb6542,252
77b23f08048735618530b3669e509908,252
e4c51757f747a727bc7d13732c95e5c9,253
1bf932f65ecbbdeb400b7e33909c046f,253
05fa298e5dd8de83d3e8821543266bc8,253
921752fd56fff570ca1a5795c600bc53,253
0ffe97ad0175cfb529bb273f2d9348db,253
0052550204e382faef89e2ffe6992563,253
2402427c0fd9be0d72430ea10922fcd4,253
2513cb38c6f603593290356ff60eacfa,254
1f8e86db9e258f334d3b742a746fcd6b,254
eb97e5a03dd71d073cc97644cfcc7f76,254
ed6de3f2ccd943dcf951fad151e1781a,254
c93237b4b8e7b5cd5eec476b995f42cf,254
cf9c712b6f8616cc0c417495b13f6f42,254
a54ee3724d88983d09047ceb5f36e808,254
61ba607cd74a4c96a836846127d8cff4,255
ba3e71d71411ef332634646d1e3fe514,255
fc5ac50fa443851d7ed1abd9a06099a2,255
9e56ad736d6985110f11bae29d6c749c,255
ac4b87eb23e7c60c4a893b12a1cca255,255
ad1738dfe592bca4ab1b6dcb313a8058,255
d4b8db0cb969a0c1708a4c15b60452eb,255
a513d15d89c000addf129fbc0c7b6e69,256
71a1de79e34647c751a6d140f4b3313a,256
32d83415c2eaa1f1bd0709d1d174d3a9,256
b6b7f9afddcde3d353fd474480d571f8,256
cf475518bfdeb0fd4130b43ecdb53d8a,256
d5b0337cc93d61530d1924c62b14132b,256
fdaf155025986a3cc2dbbe256f242834,256
7b3a1b4af69a279e34707d85cb533a59,257
cda6dede07917620fed3b02f8d812b30,257
8e1e3be6f07339f5d628acea1d03d3a6,257
eb1b539a0a0fa8e7798ead488ba42f9b,257
98607983c1681086a8569aaddac953e9,257
a95a4852a0a65b7a99db44b79f4cd558,257
d5a866402afaec4441ba7d8c360e54f4,257
e2381a4d9b3ab18d89c83437a30813fc,258
262666c4305f618c00f878a856d34e31,258
e5d117d2ac698b6c5be296a8dbf780db,258
e93d14f9b37232b64fbd11d24f3076e1,258
75160359f2303f32233f48f9ad4e99dd,258
4074706f331f779a28349e189be10de4,258
c6225d1207080f30e8b77cf25e572da0,258
6095eb5de55f91ff00dbcc01ea3f1c0f,259
851da26d901d25ecc38e996c19655505,259
a3b9eed3abc8d161e640b18bd4389380,259
d52e2aeaefe77f429ddc3ca7c3826899,259
c865120f1c5e6b6ecdee272c8e24ca6e,259
a48090cb184d910372d47210b41ca4b7,259
b5d0e99c30c6d10e4f6732c6a91b6100,259
1c3544c67bfb030de9484bfe69374eb3,260
5a810c23c3577e82e13ff186c38b1946,260
3976e174043a87848324f2121b05d70e,260
46bd0917dc25ecc16f4934b67dc6b3a0,260
3a07d00c76c7b75a3e33a81bba2645b8,260
59bcaf4ff9aa9e2bdb74a1f40b0bc69a,260
69a4d13aa556dd694b9313efcb861606,260
d154074e649da317030893bb0435a67e,261
57abb4f7de71aaa2078f43f1ffb20ffe,261
b80baac24ddfda0f2282028553b6e422,261
39ccfe96afaf452bb51f63af704b6247,261
4be8f48743378aaa366e0c9580377dfe,261
a3f023e77c2df64821ce58d1822aec96,261
2a1d4ae95f7db62b172e5e059cdbfbb2,261
3daeb7629e1be5977577106aea9b31f1,262
aecb9f23d944a130e90bd07466ab4b65,262
bb19324e612628f8ca1168178d6b95a6,262
6ffa749c31878dc5a558366e57891ec7,262
ac605a71c82c2cd0f5abb6e4b4492b0b,262
03bda66f1d4d6e4c53ea9eb36da0f277,262
0768bd9d82feed3c724baa4456150f18,262
bfeb74e8c42242cc728254739a74272a,263
4387ec4d4668586b7850c47ed1ebe9e2,263
77dccc6d76f9342edd169a34d5943faa,263
da0db0b24e3fe36af2e016d53ebf0fba,263
d4eae5a6bc847279a2a136771921b8df,263
05e41b8ca9c17c72eb6a25aa51982fae,263
9c16704d95e41717039f67d3314b6ab9,263
bc8d949f8c35a30e2e8b450ee5d6e891,264
6d6dac8be21e597f20fe3e0bef3893df,264
d2550584712dd15e8bf8d48ce9018342,264
a6d6aef951846e0a87f19fcaa21ffba3,264
cc13e13dd83775bb271cad90c19d18e9,264
d0d433db7701720607d347c5fb59eae0,264
fc1aa992ace2950d242cee781f68f9b2,264
670d661a0cf660c5c976916443f0aa88,265
939d269bddb82c411d2c296a6beb02ad,265
56fd4a35c2e284f8f3bfbc691ae821d3,265
0b1ce523bd997a0e1719737b00f48d7f,265
fb04eefddaad7f7028f1525243696859,265
83a628c6d98bd2b9ea4355fa5adf5fa7,265
cadc4e31367744585f64594974f9aec0,265
b7344011fff2ad7d929edf2aa650cfb9,266
9d45e406d2c0dc153564e8680c6212ad,266
3be184fbfd22c3afb39a8dba1722e0c9,266
413ad368640963ddbb259008da7b83bb,266
7fd7632324909d4d8934a653cdc8ebb0,266
de7bc29b9e88eb852917675fa4441476,266
50183f9f054b40fd63ca946ccce3eee8,266
180c8937d1cf6a1fab1b55d0f6f77e95,267
3bc846575ffc470ac761121274e703f2,267
4f5a26c3fec82f8d7e043888f23afc15,267
025c5660c358e861f2c455db5557c2bf,267
4a1185ebd458f1c96b100622827ae90f,267
759e17595870641bc2772c45c67a5535,267
b62bc2ad995758a75869d56c18192964,267
2f571fe75ede986e1c28715ead94827f,268
0325bd8d4df7da5c5d030dcc20dd85f7,268
d1959cd3da94e06ad27adf57d322df52,268
2b27bcbc0d51e268771f73643e0a8fc6,268
2b8b1f677da89a11093157fc162a4ca7,268
573f1896b98077a3e481fa4d04575fbc,268
bec55d8d9d88e9aea31097794bc4c632,268
bc3bc40efa70a95e3037772a7d8f8428,269
02e5322d255b63acaab49cd3cf6c508d,269
d70c4a1f95d316a60a2d74cbdf3253a4,269
1da18db8a7ea93d7cd78a9d05648bcbb,269
6855e44246b76ab31890d0e7860e515f,269
8c5e6c9f532b31300329c9680efb3a10,269
7855cf73a71b8db417bb35233a5af484,269
141185e22be72eb169e8a82f60e9ae34,270
4de74f7d7c30d810cf7a349f769f2d6c,270
8bad6ff83cde044767fbdb791bffe674,270
86d3221a90b9a2d0f34d0f36941eba8d,270
0866fd7ff2ae310f273ae2ba5318361a,270
d2e6008bc521e62c0841d45050fe62e9,270
b7c6d7c7b912fdf67380109a9a13778d,270
2a762dc694f48bb2195d707f5b4e7940,271
274033d1768989007af14f37013e6384,271
6e3f8d91242e184540f641f4cab4c0e8,271
e6a745766e6f66589236c95d40754fde,271
770403c84912b5e1855985ab98048e37,271
ff924d8a92c57950c754c222af001562,271
cfa316bcd2ab6cbf1436aa0d3e00ac39,271
de96d938d6826b403718ac4dd9677d67,272
19145c4291d0bf5b8604bf92fa26339a,272
8391a5046946d4384fa74d1c8b0d97b5,272
8f628309866de72332d0b4146e0fc431,272
d5187e9a355fe2932c3e7a32f0174bcb,272
3bf8b2b7205dc8e1ad8b607719048158,272
3e97a6cb9e41712e6912525167100d69,272
abe7b55d31e39772269538303945e362,273
b706771437c6414601903a75a9d35587,273
54d0aef3b73742b3e2004744e363d387,273
0964021bdb7eaf86d7201e6de6e18864,273
b0b29f76bb820abc1509a6ab039f8dc0,273
144ad5b0be3afaf38f6ae0d8ac3cfa02,273
cdb9570645083e42ed256e18f531c11f,273
44be2e1360e531fb938732c5d6fc9dc8,274
807b977450cb8fac1a0ddfacfb1ab11a,274
f3f1c472f64645b82c9301212cadc0ea,274
8a3fb9f3fbfcc64f2cbd04670eb8f640,274
c7aa88f4a11a3264b36bd1cd84473ecc,274
c9c0210dd6ec460099e158a1991c85f2,274
1ae2bc5d44a9bf683dc41b6a92eef994,274
77d7266c34b45471f99021527de14d5d,275
2088cd1f724d495de96ed2c488a8cb26,275
71c396eef576048ec07baa5e40883b53,275
9f6f1120680898209844c3d77d34f0f6,275
6061c75f6932a2cd27097dc91262cbb6,275
49c9da1ad57c01a25a31e28a261e757a,275
08a38eed28fc76c426badfeb257418cc,275
268fbebe57a528643fe9d6aff8f5a3fb,276
3fec749766e67b43d14f36a0dc94ca2a,276
9002814d2f9ad2506558d21d3616d66c,276
7a0c31eb053646bdc97e21b4ed1a1567,276
accfa00c45d4926e834029354a766b10,276
323cdcc51ed1d139561876530fa83fd7,276
6d2fc222b2869f8774fd2839392058ee,276
d0614aca0b4b7e830c1d226d7557e161,277
913b62a366d880db55fb2cee6edda74c,277
878617f326bd7d2cb91ffb60c8bf00bf,277
c6236c153abc4dd47cf4b611c75078bc,277
4f105e8c46d0d0984a04bb5553ce3eb0,277
4b452a125e135adfbd3d164b8f6a0b56,277
c0942a019e65dd7fd106f76d26e512eb,277
0fb5b4d823720c4793593dd01467de5b,278
0be1ae23d6b21ba2bc2a6d3c5e6a98fb,278
40854a986dbc68748771628f6713d5d0,278
464187b7cfa71611aa92a33d587c4055,278
b45e8cf2143489b60bbf4845cc615c9f,278
e366d427db917013ecc028f58e7b0891,278
d102e1f85aa8aa2791fade2a577a72fa,278
e79f764201c0457672339dc988d4c064,279
6ca825abac9ad8e1411f6e98529ebe09,279
07b7a8f828cf08b1981410c2bc4ff21f,279
1e66f7bef6a399dab69c4545d39e0697,279
83ab3e13af6ed789812fcb0242996fe9,279
692a5fb71c75a182c60ac1ccb53c8a86,279
ccef0b6236eb50a3378be74d7b16dea3,279
3169123ea3d4daa1b0d3a0536099d6d2,280
579624d325586f128564ac5477e69c85,280
27526f61ec15073a7efab08cc3e64f8c,280
d98b56eac8fb0876268e724af2e23690,280
a91fe48c25b026411f1daa963b45e7f2,280
72d2362a28f10bf530b31f152b0cb6fc,280
67c662065c78719898eb3d4db50343f5,280
f01caeb9e94aca5412a8f84c0c9c51f6,281
c38aecc75545153ae7956017c11836be,281
4e3f105a9b1b77a16d048763a1ad4d24,281
74f4e5a02b2a12cedd3f014a5a04a37f,281
3ce5a827dcf670e535ebbe9efdb5a371,281
f49f6b415947eca3761eb95f87d4aedd,281
34effe0bfc60b58ee1c18ce4eea8dc3d,281
43d54c0623ca7795bd4710478f1639c4,282
bd59408cc5718e42c78f4df49d203529,282
c2a0cd2cd081537ea05946149c3daff2,282
15ec8494534e87359b07ee39512ff464,282
96653a16f0eb890598b0b50f49fc0b64,282
68231f205cc686674e8b988128198af9,282
0c5143e74ff1b9201c20fad2d074d7b3,282
587616f1bb6a909f140276290dbcdd3c,283
69c65e251d1db17d2a7919e6366c75f5,283
70d00515d91b38551a0a531c2b5f3eec,283
bad05ddd83c1426527b1a518f0e1b039,283
f4a7127415dceb7e79c9de74a6fc98ad,283
40203f0cf933d1bf167b5679ccd9f499,283
599e824c8af255b1c445766d53c3b52d,283
24734c5ebd8dd3d7634f3fb4bcc60365,284
f8a811c11af6dc1c650536201f90bb68,284
332f61a78b52daa32bca2db19409aa4b,284
6a397cf8a432bef0efbe821a4157128f,284
87332d09ac90e9cb01b1cbd9f736df85,284
334f36c184d3ba2b297a019a24870765,284
ea386dce3aa1bf0ef120bc96092e590f,284
a2392bfa9e3e6098638714beac5aaee0,285
327441db1071f81c6234a4d2109ecf94,285
ee0637f440779705a967e1ae90d3acf8,285
0efad811b3a74f56a5479e2fc1c468c7,285
f0893181861e391add58fe3269caabb9,285
36002fdff1e0267a78bdde3f47f910aa,285
23339d79c14235d49c395b4d7c5ca5d0,285
00ac4936fe1d57e9447f2dd6f41021bd,286
fc21d4f37a269ea4fa8dae48d1a7bb4f,286
d04ecbe6d76e91ca29af0645a869c84e,286
c6a53112edd130f3a27aab9aeb5e9298,286
8d8e307385fc6ed8034e22f07d9fb7a3,286
adbca09cc0a8bd699a9f619ce24ed518,286
b4998705a926206d118d67d370ebe98d,286
08ed80ad442d25aa87030393337a96c6,287
b60936aeedc1121af54902d708335182,287
692dc9deb9e79650ae67beb4485fcfa2,287
3a121f016176865bb180bbb9ddbff63e,287
25091ccad185ed332fad6164199e4ce2,287
575ef2ac0455e039d0fa131fafc9e884,287
d52332293415841c4a588681b48fa3b8,287
eda7519277f686b211e90de61ecea294,288
56071bd81ca18b1cbafa7c80051b38f4,288
6153d1b6345e2121e04f526b87d6dc8f,288
13ed10c0520701ee115329b989bb88bb,288
bad980182ea756e73b3dbffa3f515d53,288
ab8cbc6d693f5739f9dfbfc49da08d43,288
9ba9cc58033d59058332cec937e7f092,288
b0c2d1e80d610619cc2a68408398bbe7,289
fdcb454e17f8d067da0628d301c41fb3,289
4eb60667c1b3572a7dfbb80b3b2db8cc,289
a19600dc2a606cf9a5f0778af0366787,289
f3165dd67683cb9913f536e694b9f40b,289
c461cb9441cbdb19419d769f80d2d2e3,289
86cee55c42b1689baee9aec1c85ffc97,289
79da49607c76deb0fc23982488d590a7,290
f6f72991a748827d78b43facc3894c25,290
949b89199a9e3846368e5286f32cc362,290
19f36212ddcccbd6a46ed4195379763a,290
323e9d498f5abca5c5ec8b9c61407d61,290
5022d717f2aea724182eef059494aca9,290
dc35fcc3391a7e801470c9e151c65e46,290
c4a05c24baf374124cb883e10dceea7a,291
b26854c91a81e2c06fead1548425bd51,291
11180071ccf64d9860f2e1f3516ac4cd,291
ed168b0edde0712f3fdc974815ebe17b,291
b47d2faae69b113f113ec8ae2f6ae7e4,291
92ef9271330bfb20e56d3c7cd6c285f2,291
5cf0af252256f0ed20c2a2b8c0177d0e,291
6f17843034baefbfc0a0fb1ebb459288,292
1db2ef194085f369906b49805b0b5c16,292
eba8a4ca47495b3e26e73302a7dc7644,292
4235ff933439f1d9756cc0d43caea008,292
7eb27adb23fe56d51a701d32017b6e4b,292
959424c1e86f463c92a6cb4f67f6f758,292
7c45ed47227a49fc91def5040da0078f,292
5fa6dede7aebb5f7442111e0ab884191,293
6a5dc2ac4b6ba274de1f0210e357a83d,293
4e8f5b3dedc5dc6e9ce5c94119e1f068,293
88d166edc209ddf6729ea5d594f67802,293
1421d86df72ce2fa25eee5735f8e6936,293
22de9a2ebd779e5fbc5d5b33ed4ac524,293
d7d8b4a3fc2b02defeb0019e41406757,293
e881e4a0e0dca9f6351c8f3e19c8af55,294
4f843d537a8a7997ca0e57a8e88afa98,294
4d0cdf0e6336027f518b7e2e9b681284,294
6cf1d5096ab0215fe4eab11c45acb901,294
cb1ec1c81824532b9da4077a04a99d77,294
667e05a5895667f34024e6ff0aa729cc,294
c1d0da3f87b2f0e3f249733476a171a2,294
a8f0f831150dae09bb587bc3178281df,295
cb19204a7b3ab244391857d863a3d5e0,295
0e3f255788ceaaa3481149e603738022,295
d41187168d258e023231d7f0cc465fc4,295
0e4b195a2ab128dc028a8c4dedaba0c8,295
7eaf7f100a1a854429f9dc4ece3fd385,295
64f9ca18befa176665dd215860b00491,295
54a74afae2a2b218f2d5bb2bdd3ba785,296
89110e60955c024d0c3a328875c1586e,296
18a35885a7b5655e1f70410ac6746b71,296
b847d3335fcc6c50fe7b8139b2d5f425,296
579c636286d6cc2e96264ec4d5ef978e,296
3f4d521b2d68af53534f7f506153c574,296
1e6df2b9cd8f37fa9a445274548beefa,296
2590dc613154076304acfafda4739dfc,297
d64820c2212ec6ce93ac2ede9af32923,297
0131cbb0061a13c06fc29b91e035a254,297
76cbc592025960de41b967f6fe75055a,297
14e631ef548f48bc1bcf51b105932062,297
70a1e62e0d1dbd4cd5d3952a2b5d9fc7,297
95c5657952a6cbbdf695e3b33e049b8f,297
0cd3f2a26051f629249e591dbf1be1fb,298
6cedc06157dc063fae7f25621720b327,298
00b9eb74289d4121bd35f10adb74eaf5,298
656fb27f4d556ae29b73ff5f452d23da,298
b392a43b5cf162a8dda64c874ed702a3,298
a88562efa86b148fb9c79748f56e8081,298
b93a559f4ad53dbbb8fce19c6bf34091,298
5f36d22acc687c47f415c9e33398bb2e,299
a6aa9951c24f252ba63d2e7ffd5a7c5b,299
5e9532fab9818d0da48a5598574edd24,299
510b0862606e705fb52f9040bcaa91b3,299
4ce98c85103212f41d1a2712544a0d5e,299
4637c810731c72ff79efe91e94912bb4,299
9b981c36907b714b60e5b46bb659743e,299
e34a21fc4f940fb6f41dbc1c2e9aa0c6,300
1e7bd3b1423a88320dbc79b6913a7d3e,300
6a71d03844c93dae0dcfcc1f440b5741,300
560f125c03bbd2064eba4e80912ecf34,300
3e706435f1eb59053efd884054610ef6,300
084c08fd4fbb9a1e2c90cac3ba0fe46d,300
f565caa8fa7e4b3d13fcc9aac8f4a35a,300
cd486c385eded2e7b982ddca2adca619,301
833fc4af44f3edcfb8aa0eea1aef41aa,301
7228a712cad3629eea772cc885a8a6e8,301
1986908fd276502d729707de637b2c9b,301
e687a814091e4535f37a0e560331d809,301
aba25900403cc31d23f009d07fedc5db,301
9700f3bc424c64449b36131e7a135e89,301
3519248614491733dfbff9d46854f143,302
7b62577489fcf3a6428f86c6801ea981,302
25008204305b54805479e42ce96b6fa2,302
aad7a19676c382f15489fc1591ad026d,302
96ed2c3cd34af1eec75b737f144ee08d,302
991b57d3ec1a413330e477fa7370f24f,302
4f7595fb2be4f98790363e7df28a3a40,302
bfa04d01e9b1970373e9dde1148f1ee2,303
5465850692db6ac3747125b0354c66d0,303
6bd42a623660b702df5c24e06825f4b1,303
6ed3b6940bc8a6eb7a199af7cf05e56e,303
d7233ab2e594fefe15c015220312d799,303
6c27782bf6df1574fd45226a2d7e0ef4,303
5594fa2a56441c689774b4d7b3ba5013,303
406a56a67b07c4d47ccf16bb146e8a86,304
de5640d0da383ca2ff56dda254108739,304
bb8d0c1fe0e21b1b9aa8e5ae98729397,304
d4ea3d57f37c5fa91449d180fbeb4017,304
f0add191bee851a87edb7747df34a4cc,304
838c33897d17b12e6363040a9aab9152,304
996e49f75f4409b2cf96cec5c3a0dc27,304
ae96ed49d0530f59bb216a5057410c96,305
0104f9d05fc76c1650e93b2a559f591d,305
6efe7c13a7422c3369159a7e943e6901,305
9cc5bc91b065ec7ea1e8704165eabc2c,305
561cb422146734897a2c8565a1087072,305
4420feea1ba8f433d2dbee238d93862c,305
a3dcb82524b9405cd1e751864ee9a3c4,305
b4985681cecc31d34ac3d4561cc9d9ff,306
7315acedc3d142ad6a0b7863b56b6241,306
45f71b357822dd8f25652601a3de984e,306
3eb9a319629ab5221918f5f3cebfe0e6,306
8254e790e7ae9dae3b3114a148b0e198,306
c31e5bf62800c5edc2ed96a569ee7ace,306
6dba71b2abcf1da13c797f539d23dcf3,306
e73614afe00742fd81fb915a38cf2c94,307
bc0604bd7e17018c003644c82c78e30e,307
6f7f6d5bd9fef7acc26878c0be181a45,307
be6a6286b947825ef6ecf8c66f3d5193,307
1242e73343b090b8bd223cf91a7de064,307
212de950bdaad748e9e31281f4a4aefb,307
1f3cfede5b2d4d86a796a6c41282383a,307
7260d8f7e58af0e1367edf5978947793,308
08a7ffd4a570bf0f99d497c3f2aff512,308
46a0d5206998250cc616e6ca33060f68,308
3c2ef9805fc250386677e42624779e15,308
385d021076c55c556a7753cbdc041eb7,308
72d240f398606109e124f1b7f8e9ad9a,308
2f83f9a70f72d071303ff8687b7cbde2,308
dc9b73c45e0cebf62e3d848343bab3b1,309
d96e00e1de2ba7fc60c8b51f4af64965,309
1456df0dfc7c71ed3b2ff9f4108705a3,309
fc57ed1906ae32128f7326df6de2524d,309
989e32278092a36611aa87b37acad649,309
2d8c50e658b9dbc522ad40c0d35289af,309
8a88dbaf6d8bae5b8be4e24fa9553a54,309
2a6959f6d915560f70dcfe306cae06fa,310
ce358d0dbf8c326c8a91305448fc8116,310
eec8a22035d629b97dddd160021305ed,310
0550ae35e1bc4fe79bc3df04729de0b7,310
c64dbdf7651c68e5be482671f337c5da,310
