a4bad764d3a490f1e559e5eee34a9cf0,23
cad046321a1067f9d631bb647c76d044,220
907697b633bc1d1e7b207f6e5e24a8fe,170
653bfdd844dd09ece3fff7c2c113dd07,165
570d699eb98d3f7166d29dedfb5c3aac,21
f1db36769d95fa4a5efd3e6662c70cd4,87
5450e163430cd3009adc33393f6698e5,30
ff14cd81cc3620043508888a09bc51a5,302
d334f4ed9fd52b01e5280b5c63bf6738,163
24a1b2efbd7b26dbd2224752b95a41f6,124
a7f210e2fcd9c854e96f63585122549c,282
9f4ec8b30c9585986bafe83dc0898c96,67
6a113d3acd3b2cb39414b5895cd791a0,139
d0fc580c1f38d7ce99f7e647eca69007,95
ae6ba890e029bd1c06f118634c3db795,275
0f1c45298bdd607548ae61e40b2051b2,105
dfda38841a9ec7a1a00e07fadde628d0,69
5e13d462fcae0725af19c4ab7a247219,247
e5bfa904820fb812f4d51357e8c3b601,80
ce5ea75c6a81455aba9bc2e5e841de91,174
81f63aace77d8888e7844d8a74dd9cd6,81
d848630788e534297ddf63bf371b6f2d,118
6b74a4a7c7f21a9e6eb24f806dd48539,25
86e20d0cf421e37f4290ff11818df986,57
554c2ce9003ee7841d4ea82fef4e6a10,109
f82a9e53e2ec1a01ff308fdab983bd31,192
5381ced6093ad12cdb53372b670ac756,309
4a4f5c42d4a2bb30bb61ed38b367e7d1,214
3fc84267cff595a10fcfd21f1fcf8680,308
d945728e9121df34f5e0fac2446bc4ce,223
d26f2ed2061e694337a9d7c247a815c5,295
d62a4656a8b530b41e78f7bf0e127e7e,100
e7846d74f9a61b4e080b844c2a462e29,122
f9e09e7c3e041a63bf1b174783f7bb0f,74
bd107f63af6945aafc0c36233c897f4e,43
180d5558bd11cb1aa3bdb5889e52ad43,256
d43d38a90e9c6f0d9cbc4fad252ab2a6,226
5caa308ca12442ef914571134bf94d4b,18
cf7d5a30d30645825ffbd04a601eae9b,137
469ce8f3ae370b4b1ca99d90211f42e8,160
1f509c0a6e054badf5b9d727024a2644,257
b5d1a24813fad22dd11475932f1ed353,166
4ebb994a174c4bc8d4b388a7b7fd3be1,240
9530d4ee95f87202a5247c087d5e4096,5
f1b8cea491d25188e08b5bdf82e72143,64
5968bdc7ae10795634a0032406432cc2,240
ffac6009d8b5c5f780a7bdd34473ab2d,192
7fccf478d346744c3868e5b751d5f1f7,250
35af72c304045bb82b014da16ddda6a7,125
96860c2eb739f02036ae942d730b3fb8,49
60555112353facfb48178a598d1fd857,277
80f6afaf2b4e01694d56307e2ce0d511,187
9c26c48abe5fc53927c17a2dc608943c,199
d37182c48e74a9e36d82703f73220f2c,102
9e3d6d6cf60f168bd61e41fcaaf9f954,35
3cb4a9dd227b73ef629bd3aa6109e479,154
932867c776d10e7d236f3952ed34f495,214
dd1731d681ab29d962723aa6caac0c7b,53
4f6c1364b944c727ba3cf297975f57aa,133
378c7bd80ddfd140530121fd73357cbb,160
ecae00f69f8d025c901fc4b1063ceb91,178
434affb2d32676e0b4735b885628c69e,190
c28d2cc2ed7e97ad1cece51530b358e5,53
a9ddae2d9cc073fdaa2d23f0c7dc1b89,194
172409f6cabc3b84fba94eb6c0a29198,199
508a12ebbb443e9fe7e3074805349da1,37
6f7148063d9f225d0463dff54de134dc,275
23abaef28319492d10750ee0bec9bf21,50
500dc3019b9af5e102c7a813fc418020,56
dc50d3d24b777542af82713bce23963f,139
ed53c31c6f450d4801214b2a208f66d1,85
7db028973db0ccc5d3e71511d2559318,49
1ce6db9c0238d8a4141de409fe93d706,249
ae7fd1a21d8bbc8b496599e994af4c1d,148
5726f245b01b8eeac43b6f005222f443,4
88af7d2c15a969d9c9409a07819f5c0f,274
b35db2d096b0ca5d44f75b520760139f,8
ca6360c5c38cf828c3f502f9dd079d2d,214
a59615904b6526d8dd9b9fcb79af4a5e,282
9a60a857ca1129017ba87e1910d01c44,255
bc43f9671341f441f3c98648f852bfa6,118
90020cb3220d0f2d949362183c606784,66
5e60f81bdc533bda14966f58466983e1,228
d65c3b5172dc4a512657a1b88dad26d6,227
e0f6af2d7a282a8aa0b86f65921e89cd,141
3a6f2c41f5b2405e857aedebed0a1657,204
0d1adb06b6074725e72c71638896ef81,124
ae6bb90fd6758f2f574a2dc6aae70739,278
99b08f2f6f1d73450c9f849349e73a94,133
552598b14abbb965df31252ad2899267,208
f650a67b5f12a593775d92eed159bfd3,139
d3927b6b48416818d86edc5663278aa5,260
d88647883fa45c2366f57bd6e11da9ff,68
a5180d61dc6e8301751ff83c7869949e,306
d7d008a627417f8906fdd8ea482d80d1,224
e0c01bae38579bc81a9e291f8a782962,66
028bf3d9fd448d7880a4e642a6e09be8,221
0d0dfa6c3f1e9027276456d5602fc247,84
6813cf11bba3b3f320bcc946c0c04fe8,290
8bc87feafaf7777bb676cb2e25b2e868,81
1eefe07c058cfcb6044d8f7feab89569,16
d2d67e109af66383165c252ee052a5e7,295
fd3d2c1123e59a4b9a2c420af1d81278,270
5fd251bf74a1d0e53479dbdbbaf02a32,275
ee9da1558f246070b6ef76d4f72bd5c6,279
181a364c46db908844339ed4e1bc1671,97
f1053d09bb67e4a05c0d78b2f4188b6d,206
e9b8e05fa7cd6f567198c21e75ff0381,113
38fc1ee766e138ec35c398e19b4a5b25,72
263b83c0ec3fcdb44332571fcf5f32dc,167
e062f8d7f8b9844cf0ac1f66ef174220,290
48e8c4f00738ce6f6390b7698387222d,54
3e7a1756e067bb5d9d4be6833c0aa325,162
3c33b4b7383bf99df7ced10f7ab09d30,75
302d0a2dfcb0831d1b2fa11811be5853,248
2e6807dc812bd5118738a788d852ec91,284
848c1f573e39b6082bd36313937d416d,220
fbdf21f893dbac8e9972e8d68820f2c3,212
cb545bbb837fe6de113250e440060a1e,26
ea86f9b10b46d865dcdf62107980bdde,308
d4e648f403c64c91e35b85ff49f9a74b,128
57cdd4679f86920d9e85278b67a5a079,84
831214dd3f74c0d85026c587bb7e611d,183
d244ae15a638e2d6bfe1f62fb18647e5,197
612cbbb495e7b9f72f424f98d3f13024,304
86293b5b0eb85a2d7b33e9cb996aea64,303
b6007b1ec921f832cd9bc312dd763cbe,250
43d04958fa2470f6400c720d38a7ef8e,61
25daceb37de27b7059026f109908149b,92
2624fff45277f2b6f532fdd1ec5f7a2c,131
17278d9e1bd8200f08f4690a921a2e2e,27
ad1d63e93675f744384ea5816f7f90b5,180
3c108f1a9fe003f9c3caa4595f0bfe61,166
eb27b695d1b03112b2a80b43dff6e663,1
b4fd01a9884d27cc3b8eaafe7b1489f9,282
dde2ad5baf505624cae99f6d168c6a47,140
a8599f5a43ee22e1d538fafd462e0b43,29
62665fe9a88958cbfdaabf9a743bebf7,85
b941e53ee9fd1592074035c266ff80e6,107
e90eb29e1dcee6c28dbad485b48eec3b,26
3bddc272b539775a043455bf1e0b0455,82
e1b042f0fcec0ca6af357619bbf3842c,278
26159e6abfd4e49e2a1d175caecb446f,187
a572437bfc5d67a53e6d076a79778204,117
8dd1326d386b5e70c6b3103e17f665a2,14
aaf63a32a603b64b00abc54778e2435e,247
9870646be922ce2b3b269bae125fe2de,268
89a23a8f36723d86ee743e33c09b38db,269
3f6518a057b101ee2e35632173915f30,46
aba409c1cc4e0e7e1ceb355fdf6a0704,10
ff5f3211acc5ef3a984f19fd5110aa22,196
b7da372fbca5a26c57b5ef9ab3316be2,108
9add23c4cfe9371f0324cfc1f1e57b36,128
230dd7d823bd04dc1b15170bee51398b,153
661c133b5bc53a7d54c436faea925c7b,116
88253599d63d50a34c2521fecf1d0a0a,144
c85edad8544590965bb3e493a1ba0255,40
2c4e61e8219f73d42cf11da35ecdd17b,169
cbafb545a96fb968e80e5d9a9f4ee2b7,62
8fa679a865b52e66308bdbfa0dcb6cb1,162
01b975409c5ea2607bc90a519f499eb0,196
b9b2624272610aa950025963695af520,192
9c877c5122976face434021a9d014df9,51
93d326a5aba88aa6bd55de7946b3c9f8,78
13ecfa613b3a93427b3932bca9cc6588,284
6e452b8a2a11299786d56406d02e4e17,272
96e8c347469946f28440dcc600811166,27
d9e4c6b388441387e0acfe7e2cc7d8db,126
b2b4613da423f1f94f4fb568088f1869,191
95d0cd4a14a168a0afb482c85c49b96c,9
1f2ed02fd62c8d8a1372844a8b8aeccf,83
444a873bc4e58afaabf10d59c044f567,235
1c47cf9828668b1d31d1e51e44cfd365,288
e670114546e0bb12b2b3dc952a945544,110
808239d79676b3980944bafaf4a62bb6,293
b497b7eec319522b6373c2df01313ce7,112
9e8a48c9ab939623da6c4503a2f1d420,60
faa4e0ee46aac5c5b7c415dffda1a273,179
682a48a33e0b4d029e9b879370b12480,124
d281fbd546aef2d3ca6ab19214f76cb6,125
913deea507df5f54b831e3e9161e3426,7
5506bb582eed9de578e0d031a38a8bc9,208
a1d607ad35e634e1929caed4c834c1d1,141
935f50852da54c86e63c0a333e2dbe65,117
771c1cd56d2c28d4c0ce54c074a6a548,166
bd90238edf9c8fb7111630ec00cc928a,27
0dd39554089a61bca15697373512403e,120
bb4cc326f70a7aede61b9f766babb109,77
b71944fae5fdf3ddf85a145af59cd874,91
2a36269da5f60dbc4821bb4ffc95bce9,187
28bbd5142e05578f345d4ae77395545e,120
bf782c7b688482652ee90732660873bc,254
cc228fe8e6784c45e638079dfbcf286d,157
be283fef665678dd892514dbe20fdf95,274
d4ae2c8a89de747b71871586e40c667e,152
33d28a1215af322f926d4d814cc239b7,300
d06fc396226acf7a9856c4f30951d99a,17
820fc897eb8c4ad607ebb2e640dfd9d3,20
5c426860c47f9636fae942956c9118c0,33
2b2855691ee715b5f04534a467a6de44,124
1211fe5f2466669dd7caa34e37bf9a2e,174
6e287f24aa5a91b04df60be0389cf338,242
60679ecce8a0d91a241360fe12ebd668,302
a0199aabc3e3fdc3782e1eb479b0d1c7,241
fa618fb3d101428c6c4780c72877db19,98
7bec7ad6924a909809ca12072be6480a,271
358304fece04c25259f3ffdafd6a97e5,257
5612fd519f88b65bfd244f75395c88f1,42
513e2678779e40bfdec08cff1a9c83f8,96
e09edc934c668023674a30da89025bb5,139
baf0f758389e190477d7165460adbfa7,76
f2524015db20acb45f0c7a3ba589fc60,38
fd7b0a5392dab2614ae6e7cb613d5001,278
1f8cd6d4f6849cea75425ebc339e991b,176
911fa634145494a1b44f782134a1ac93,182
fee14a8396124a431df4e2b941be6ad5,26
6881302c6333567c85676c852f9f4312,157
c242b4c930c777cdc8e28cdeb164046f,277
b4cbbdc120e1d0a98c203e0e7eafcca1,32
03cabd0e170fcd75af1e8f79d7621a4d,254
a3d0ba92f3a08cd892b9b03dfe3a9ea2,53
1dc73c70a8ccc9cc2cc865bb8a79cefb,52
632013a2bcfe1e70f3a306997d0c56a2,284
9684cc36cc304b663ace74739800bffc,47
424aad7bacbb9fd76c992111d8b5d022,60
77fe0a447159b8a3b501eba12d277325,308
80f5513e1bb086cda2f01969c2c3e610,132
5a033f7e7059dd7935b6f5bfa2f9e528,202
87c3672d141fd3a64c2827941645ab6d,257
b688717c1e8da6cf6601c88762e33852,296
045d027867483dd0d28c6e6acec3b10d,285
7e4be8d791a33d091feef810d638da03,65
b9b2736ed75cfdb09987c3e7846970e8,8
a6dd681bb259abbd1d598afcd3d9358c,120
088c13db8480905982c4c39a842cd740,197
7d09de8ced40a1c4d90acf144a5235f4,77
dd65d15deed56b9af48880b4f92da215,41
d7eb17ffbbec2bc6d946ed19f4f4a725,268
8651c88dea0eb75108c49b8834781fc6,296
cfa78687997a66d683d4519254b63197,4
4f7dafe6b42d1a9fbdc4dfa1688fdca9,290
6e629ec0364533c9666fcc13e9370e52,35
fd6d441ec1542565ba1bc97dbf5b453f,99
5fe5b535eb3f22abcb2446949057f04b,284
98c041ac6307ddf44d8530c27d831322,4
0f61331b83b62d2dca9eb9af5234b1cb,24
208092ae99d0da47240fe093dbf96b36,266
39d3dcae08b40d121b2d404c75b4aafb,20
d2d099fcaaa34f3a81861413a56e564b,229
6d3ec3f62df3318c668e5928d50c3dab,190
aa3d6ee1aec485c8550d4b22a2a7e4a6,300
dd5e949fc1bca4a1d113029b0bb98580,170
c0292dee4f92250b3ac9436e285a35ae,291
fc19bc1de031fa07df2f42c6c7f7b079,121
ba36925eb38e379b2f1d13d122db9337,67
727636d2bfff542abf22b22681f7d015,185
bd0b3d26d29443a6dd52bfeac6d2aae8,38
32b8c6b0854de809484c6b51d42e5fc7,241
1191286de88c2a05f247e21bcd20291c,146
e15480c0483d818a768a6213a1ac377b,214
5925b9c272b7bb0bc1ccff9fec44a315,95
e15efd7cf8407d47af4e07b0cfe196d8,5
af41fe8da10e7c6d1f7460727d12064f,171
c56e1e57bb331acf9bae0412668a63ba,222
0e1a43339e6c101f40d245956dc4f4c0,51
5e3a7499320a14f46d23687aa0ac79ad,82
1a0bfbc51d1c330cd180eea7d5f8485b,11
2886a1f2901aeb07665539d5bd3ce944,76
c526fed30434ff2732c3beb7efc891e0,22
fd4e93896350f968bf075e42a95b81e0,261
224429ecf7523236ca1f39b55671fd69,19
f724f925429d01c4626070b0b1ae4ae8,204
4e950589dd1e9fc807d2ace434d988cc,248
b80b79d274965bbe224ca8bdb358a4e3,6
c0233ac3c7fc5897fde816a83b947467,184
25bdaa480eebcb0134cc8acd8d697df2,307
fc3cd9ab249ca331e366b0bdf67de3a9,81
1bfa1263dc383be55ad692cdda180ab1,218
ea55ac728d162fd9afed1b047a746c68,206
52ee0c8197eab3243e38bd2cc387132a,306
dc8249ec3e3a24f1b92603ab6f0f0ce8,208
11fd62bc501298a9e59ce49bbd89bb5c,162
83de913a814dc40cb8d5d1df511f3b8a,11
deee95d85e2f10847506914d9c03675c,10
764658234d508f3c5f5e4d3fa76b0862,104
ea3589012f8f939e5fd719060b65c373,52
204cf62cf514f727a393dc6a2def4e85,200
db8ee3bb9ef4845bbf133ca59d80e009,197
c33de9e48df63f4437ef59fb3490bf04,182
f2b9ead74a0f29e8ab777fb1247db92f,249
f86f0bdf07ad9c693c5d4303db1a949b,33
8f7cb10256473d08f875b2c589000dda,262
90815aef0452df56e6f82428c94c2739,276
b93d33a177416febc3e9a8616ed4c44e,72
243347af66bd55aed9a44b0a409c78bc,195
f8c7ecc7b65424a5b7c229c571a97831,86
4ae00b2c6f81c012703fc88af06eebf6,36
d98568ac186d78aff36dc14c6b616395,226
50526543cb9e537b177b524fede0eaa4,15
cc6205ab24bff4bdd00520c34f806c20,264
9b2193a7abae194eec6cfe69d488c740,203
91e8434d31b6a91a1d3ef8a8dc498e4c,71
153ec13314591b40cb237b96df6626c2,74
599c2a71f1d625da004782a8157f203b,76
653e3ffef6729455594f7dff0f5b99dc,14
f166843e4368a5af83c6e95789aa8d07,12
f09b4371ae6a22312931e41ddf058f6c,77
4bd7129f20cc9936728ba480b85b1acf,10
62193dcb62aa7113fefe494c11fdb4d4,35
7a31033c3041ec1b7990a35564e27a2e,243
b9b9cfc02970e2a265f1fb33db5ff5f9,62
a0cb9b9dfdfe23858b80f5e6a8557257,260
8291049f30c9a7e7c7b771ea67286f2a,151
33c10b87f89c175a5b5b1dac2a894493,20
6daa246b9a9b0e559f263294c4ff2a45,39
e87735b319e5f6f23f36348c82822358,183
eb7593ce863c28a1d0a2d8b0890133f0,304
4444bd06bfd01f936166cb84e3d4e1df,161
9bb8ea37271e845c68f21bc17aeef740,32
978c70e5f2273cbc37a400643faa6a06,5
4313ba565174031574b9b2224eafe349,201
1f608dcd57f7d3ba6e76fd475f06352f,309
d5ec3849a5b7b829e1f83ebb0984b775,88
c20e53f0da5f9bddef8c7a92ef95fb90,225
287ec78218847c2b4e21227b8b99fbe7,148
1bf23c71486ae7a6a08f5ae74f770057,122
6b1e5f103619212992e8012761669a51,214
bd2ea77fb2c01779379cf531a2de12b6,304
65fb27c4e63bc5e29d09b273b9e5efc0,99
6eeac4d8369803d9ca46f1284c23ef7d,217
b2171365ffd75bd002130a78be43ca4f,37
de8bbf340db2a3e6494adb76144cb31c,7
ca52f62543f351f806be8906c44bc8f0,260
ff023e12ecd1140bcde3b1224d5a20ad,144
89e3291793b94b1df8461b19988441eb,234
fa6aa25ca2f612eb718bc1fbd1b980d4,267
d8cb26e30878f833cd2089f4ae916407,193
f2d1cf242898c7719c9a7231a7262eec,253
982715ae6dc18344b06b9663c8ef6f27,268
148a3c698c4ef41afad829f1073919bc,211
516de3d30a9d139652569266431c8934,89
55b6cbafcd8ddb5cff3213a133e3be47,173
fd523f400d06a0d489e518487c5238af,41
e94438589f53a2c884c68e5a9a4ce49a,121
bbb52125a4898e4de5a3b94c4c757ea3,199
c06d3e87e9705d614bad7c3962050638,262
212fb1c417689692fffae76b487befac,44
5a5e33a5d6e3dbbff80779bfc5bb65f4,277
e85ebfcf9936945385271f6fa897c37a,308
b5a0d1a630b7fef6809329cfc0656ad3,155
aa912c54b761e64640e6c9fcddffcc99,108
aa551f0214ca711a971aff2b6e0d745c,23
c386b4b95e4aef6829d4d31d5db2dab4,155
d1f388202b559940b089bb08355d57fc,151
6368c4b1a8d848181a5d611ce5a33443,196
37193f2866ca6cc66027828560d9b9a9,153
35c4ffffef6b091bc79b9d087fa4b7e7,96
ad0748cba1d85e97db23d37ad98ea55f,25
7f03f4f3ca54a09329f32b6966befaa4,161
592e59251472dcf14113259499f4e269,304
753ff8e7f48641ca2bc2986358e6117c,198
88a7255fdf8a6b18e49c74fcfa975939,93
364cd969d73095f2ff9c78fb152a8297,229
9c216217af8ea25f073d627400c2913f,105
3ef7dfdaab215b070248d5bf2b56f83f,203
a18798b873667c480caa5f06f93145b1,187
4ffe27e5ab3f00b0cdd70d3bc0d64935,107
409c44d37acf6dec14c1c797e7044ab2,90
84e2d8acb2243bed234558d5037b53d5,196
cd4fb8060bd13fb2ad50abae4ddc6a96,183
645a8b4b3f45ce7b342150b6ad6aed54,200
f2a250cc4bc0c9089a194bf738cd3ac1,138
04b0d5c0c82f75facc35a5c14d250f6c,2
3ddeecd43880cfa7067872ef2cf85e2e,139
ce10c32566d962206676d7114deefd0e,206
e7a07c389e3997193c1729aedb87ab4c,80
6afe24337545da5d3dc1ca6039c10d1f,232
49f541e718eabc9e6857fdd49e4974df,222
442da78982a60aaa36e271846a0df8f5,283
e67efc423cd395cb73b716ef9cccba95,256
d9c89fc0bf32b75ecfa80acb7284459a,143
d0fababec66ea0a73b91603bc88269b2,79
2e8d0b4e0e2cb5a19553986ad5586f0f,35
b3249c7e51f167c62ba74aa7c930363f,273
7cda3797700837602888d217eaf4e29d,134
7c9a1eea74a2d290a3bfd45d3b5fe6f0,248
eb4ff548dbf1d46cf9bcb16c759412a9,112
db260c0ed8d56042fd13de6a7d899c37,130
d5581d55af1559d32c3997ff26c46ffd,196
bd5da00ed60c82485d8eea8a7d2de55c,60
daa5902224852c10f1e215a014b2d3d4,71
457520b3602e5dc32168d5c5866445b8,115
90adfe881475028e94cfde41041624d9,220
a6bb8ac16901f9214cabcd5a9865b669,212
0f0dbe8c36c97f554bbc39105049e2b6,226
2254c94389453f65891916ce98007147,269
619fdc2a31d707a030cd47d317fb1ef2,37
e85bfaf205996b375f02479093350988,134
bb5a624b91fef7f8bb6b3dd82308aedc,198
a5a680cf924427096cd2c431260e61d0,188
d028114c208d728a37459e014d22bbf9,247
339f8a893dcc532c832565f66f6c0742,125
7563ec3323202d47d7c34be2db9e03ac,242
ee04e1d7f8141f85db1fe61ee80af29c,181
7b6919f7a9ed4a0db52cc3a3f7497df2,180
2c263df435d427a847669fcc24033c9c,309
4df69a3a1a14897085cfcf93021ac774,99
2107b4e864738b1e23f348cf205f90c7,106
376d42281f32295f9f40cd0b3d9be0bf,28
85b826d31ca88cbe1b0a2fcb07272b15,99
56af07041b0232f52ba9edc330bfe3f4,245
4676ace7c132ae4479ecb8c768813c5b,300
a433544f109f6569eb2e31e93b4db4c4,181
765dc67bc0810e7bc85b6821dc6d154f,111
5e9354e5b43464796b978e503fed03e0,209
0f2f6d556ca6cae7f58e2cdb7727b59f,306
e29eacc3ddffa0d93847e030694f05a3,230
7424c0930ec53d3fc3dc8155377fd50a,99
939b7e7491336f253b075804417e85a6,196
ca890c47eb8d4e21a65f17c58e01b52f,293
74e4720e2d3665693d0e4d1a7da4d0a1,170
1254e9543e22da343c967982a7c6cb97,216
81e6055653078673e59859eb2491d70d,306
0471b6978ecd050f519096775ec6bb7d,237
9a26ab3165231b83a8e3190212b07ded,18
ef27dc5245a9fe9b21d1b963e21abc24,263
c3dbf6e830260ac5120c80354d99d1c0,83
7fb11879db968481870f1493309bb162,106
74de36096e080c9b69d305a36a77c06a,169
2ee1320398c7000550025c2cf63182b8,300
11ad953053712bcfd1d2cd722dbcd226,214
c402d746ab35f7f0b9e7e3fe204b7972,63
19410ffca82da3407685d9ec7df9a4ad,176
0a111ed4854a935208a0c767640af5ca,115
c69d0a3906c2d3622b4c6f56d46e6fda,54
0f34b2afeacd5a730b3fd697a1d08f07,167
8f96553bad1410458f983db8778c1064,177
10b440b972d0783f8f7006ab72d1e8da,35
cde461676d04d26f6756887f69d5516b,258
3b0918212df7c900b47ce1c15d1adf54,0
ca2c75190f12df7d6295b1e46439ac40,88
15394ed96149be2fb706af8dc14db980,97
2896c31598a8685ca2a3ded3e0fd68f3,39
01ef95ac2c947c9026d2950badc38741,185
fc4551a7de20a822ec15dbd0a7f9a651,6
03f7f9ca6897e8f04ed9bfbd621a2071,160
b1c24187dbaea1635048e9be5a091049,90
336146819569dd1dbfdbab74a1150dae,72
9a41c7a46a6ec7fe8841358bcd6d2c1b,196
8fc3d45545cc274fd1f3b49330e51682,257
418dae65b2116ac169fa85c309e08a19,304
397453ad6d68bec2e61ae9bd491b0e25,15
a6618bc98291763bfb7c41979f802ba1,265
26f1156d5e34e8e32722502c730c24c4,287
d5b0aed75c913b0ee177685d07a855b9,151
8721c49e168d88702168930b92af0820,138
b150aa5f915a3092c377a4cb0eb20160,222
449865a36c8fc6ab184a8bd476e9f43f,195
7a79128d24b4cd9c98a194b765218b84,29
751f80e1a3a35d91ba076d03fe95f896,171
712fbd6cd2fc5e1989d6cf55753726cd,26
b83b95a0c9359227583b706416b8b6ce,260
f0274b05a35d4338d09cd49965e53869,26
b04f5e3eafc4a86ff5baa0e4f325a528,267
5f4b7f3ecd6b440832b194f15e108547,27
2e75c2b58272855844e996506a15fa10,257
92def13af43fbbd214ef12e42b18314b,92
92a270d1ea2df9d205cbce7c5ef1e48e,179
335f3f24774c26a4b24b17371eb88954,129
0f80d2b77c998930bb05b94c9df7f0b0,38
050c19fdc7eb5f18f2e48fd2f449ccc4,221
fbcd80fabb4bfaef057c5802f43c6189,143
b4a44a7d7173ca33a3af37599c3f64df,103
9378396047d7f32640f4143d493a5c17,75
8277637f481c7499b095e3f9d43abedd,7
171272fd482f0aae5112670e8ddc717b,252
24625d7f3f33b8e5e306a740ffc8d2c8,43
c279bcfbce50c8ba1bb5e7e9efc8cd19,164
820be375d8897c01fcaadbd7897e6a89,9
930d29c65dff9a301ee0568259f7bf09,216
2af0afb7e6e23642c0d9695fe4246afc,215
1d321435e7ad6e2671a677f920876c0c,50
577c69262abe18860532cec89b626df7,105
8cfa5f963eaf16d3e591b8c606eeca90,23
6605a4824d7b66049699b6c7d405b447,52
656be8392850e8b6dedab21e4f24cc5d,140
b86a3902d8c616092590e5340c44dbe6,160
f894bd4680ef0f3b6777b4940af58d28,219
7671bd5881f494d52817d44200490222,243
b7c51fe28697ac2ae60b10df2d624fec,157
4305d28c4c341ab412e18ae1c0b5b340,119
8bd208a99dc3df85bac03ada7753eb0c,279
7e6c88198c083ad455f05c7a0b30a2b3,213
11f664e019e2f79f2ef82939f5a784ba,218
507fc424482ebcd7909a1ccd0ebf454c,109
7a7347979ee3c45f633ebf03ccee8ff3,137
76c04b1d8351292ac48f64461ed70090,262
9725342dd31a82e79f615938ba40f003,275
7972da25f2080d00b45c2886da809ce6,289
fbef05350f01ab31287577ff19dbeb0a,98
20acb169c870cad7ea21754422bbdea0,267
69fa755d4dd96d313f67c05ba8604363,305
5aa6bee17e80bfe84026c4102392f057,1
c030412379e3ab29af5ca5574ba37893,229
66186cb09db8608ae265120a16c7ef74,268
29cb3d903853ad70cb5f48ae45b93261,160
78e8a7155bca86448a9cc5dafa59e31f,53
c7cc0fa1a0218c4200c55708bcba751d,15
471503db41ea9c3071eeb671f3214983,79
81eb20e11014676489b6932ad9158387,299
158d8ddc5f9fe18ae85db5d7df81c99e,273
abcc21a1724df2a020270956e676949c,156
1aec20d07bf18f7c17100a82d71cc4ef,156
adc625d934cdd5131b271f91c8aba26f,17
291175ddee4ff346a81fe7e28b0ca423,18
e50ea0509f5f3eaec36d0a3ea27bc299,22
7877adb5bb78b7bd5cc622d7b8fb3c60,250
c23438231f3876858d459afaa197805b,257
76e0cd091f443b4f886a2ec107c56b77,140
5de5fa87132b3afcbeebcb61f3d04f15,70
0ff73e6297311aee738d9a525eae0092,43
0a9321c54f55207ac09d848a3c45cd05,200
c34e45b596f34866a385f38a79864c1a,153
2b9dedea3739f410bc81850758f04b35,140
4265206e04f94a0710f2c64e849bde6b,44
2e43048df4cff42e189f1a857e88a158,1
08b030c5264bc3c38d3180fbab3bcc35,259
34e82f415d4780e1bc97c591fbcec83a,137
d7204ed57d70c163dc78359e9dec2259,69
2e2e71f715fd930cf2ebc6e7000ae521,293
f274d4194627aa4da433026f83e5f4be,197
7e552edeba47b6ca60b8ec30c434db3f,214
2da5ccdb8a63613a3becf6a29c0dcda8,97
ea9a1c8a45cdd96b2b142a1c8dd25de9,119
f6aa7004a26838ac1845011ab13b26a1,8
0d9eb538867ce61baecc3c903af6f55e,74
1db6e40d34e84f914876f29c9bba99bc,302
e017f464215ed9a083644cf843862e67,16
3836cab9313f7c2c70f76c71bf8403d7,302
9c15eac88c0a6099112573a748b870d9,175
8c7822b82b2a68c1374436eed4e9dcfd,60
47388ffbdca738cbe9509484c0e80a10,52
cd1a9ec82ed258068cc586c6914e556e,34
d9f04a5a825496a0c5a7c3b7254edec3,232
2d3cbb6fcb5a13ed17ddb9fca76ed7a0,103
e890a163768bfa4a9c8d029bb832056e,135
f756394e62e3c92f4d5a1025eaad7f2d,127
0df5c52bc3133153175ca2216e9fe983,136
8fcc987d5564485af3d61a35e4ca83ab,292
4e7ec856227ae6ab4e257fd7bd6273f6,64
54aae52bad26353de31020e1da3b283c,161
e52336397683002e9e7fc8222e97d802,172
4b956ff4d2d8ff1f0adf3fd17ff9e5b8,215
a2b3e692f6f007657ca7dce3108402e4,141
4c2eb0cb2740cd5a7e46f6f148f3be09,101
a5fc81fa0db10d304738e77c6c9e7446,182
7dd6f80726464ab31a8a9530389741ef,21
c8e0c801142b54e3540a6d84276d4ffb,272
dfc39a5cc179211977e92b5e58835601,195
d25c4f7c72ebfabaf418f8bbebd9f8f9,124
2f2f7ab282239218d400520184554be8,5
1492e07127b16b46a4ed48634f949ac5,280
69d9b091a6b9a0d579fc163b12f9bc87,113
0ebe3faf19fcd9b55547874e01fab795,139
5ea54fc0de839c8b90b59b95d625c410,293
2ac769112dcb141c73daad91c4ae7087,300
2a6e0f71de01d779bc5a19858a6f2761,253
cff67c37131a90fa0f4678957f671236,206
06d6b556376b8c19f5eca84d3abd4bff,113
9e05593a98e34a1591b8efcc9a41028a,68
76fa84aa3dfcc4765b4553862f066c1e,211
5e9c7a0501b6af0e8deda0ad0908c770,134
6832be0b06bd71825d27ff483fcf78d9,296
e3d5d7695bc0376bab745e59412f06e2,189
6e5d83fd927593e1972e1a9b9944974f,275
2d76c9b0a88285283bb9513cf0a9622a,259
7e55b0b92eb4877865b1649f44736573,100
8769e1859dccb37157432eb7071568f4,148
0b93fecdb963158b94d99ff25f23bb47,298
4643ba8fc8c6b8cbb41aa917cced4a49,22
9cfae095b28f97c1c3297f02eb7548c2,11
9d6a0ba3af9adb83fac56bc0c57b3f49,283
201fe1e257ed6748e756f851a53273ae,47
fee53d939a7ac561a71e3b8d1056d95f,227
bb4abb774d8f2b35f440049eb55fb9ec,48
fad1d05b0df149c81e1996966c50ed46,11
9a4ad8ee057fbdf33bad4afbbaf49484,114
de5e66d3f33500968b6b5a5bbb103381,217
ba8868ba6a1a872f006997c918122ffa,67
9995a3009d63acaff1c4c83f01b62726,4
864d07bd3501c3aeba1c7a59298d5f5e,113
c3801397eb0fa9556d5700975cfc0777,246
0b5e12d06d60adef76c6a5feb5b7b1d1,228
525f58f9c2bcafaacac47791b0a0a596,217
920f66ed7dd9e8f08ff9c48bda28ccd5,8
9b1e7fce85420ade2b117a11c2c1236b,187
09f85dc069ab5f11dcef8dc23eff6258,210
d0945bdcd076d7d9dba9ebbd9572738f,23
31071e9d58b91abc1a783146497ea576,83
73369d702f5344cd073d4445760a1e4b,259
5cf2409a24fdb0a631d074b37fa1ff63,286
9ed722593f57e1ae92c8fbed82f9b410,201
15ad1640b87e60422a1e51851db906e1,296
628449ccd968e045a8e4d3b8f85676db,196
c5aab9282ac041a48be9da10dfe5753c,113
0794c0b12468289cf67f56228d94c434,18
1226a0dec98f931dd1e19f0a2c1acb41,141
a974a70b34d6f1efd3c98358bdafd322,194
48ec3662b6f2e061de0904811dc24ff1,114
00f0ddcf86d2619743f439ee7627e5b6,35
e5163346b405e9a797f94e409f888c0a,135
31bcf37bf632a7011a5338085919b8da,190
1e3b4c9e09f7198e84f6057c855b3912,123
b8c090af94f79a20d1146ebc365fc1f8,49
efb73a67d50f8b49a941b2c2bcffddb9,165
c82ece125cf244dc894dc9a64119f7e7,101
8e442b8bf79f4216cb11c76637fc9665,131
e41993a3473c3976714649aaac243b46,228
c73532557fd2fbdb230f3095866c307e,228
805abbc0d44ec87d7e610c5dc27e2dcf,75
f91518010d4bd9ba85d99fc0dc0a85f4,197
c787dedbf9775cfb6c5106d842239ecf,108
db52fd8a49c7cd642876ad7ad27a9c54,212
47abb41307c3cf5362c07357548084f8,11
0f4a59426116237f530be7d6d55833a1,131
a7b688576f3a00397610121063414c13,30
21c521f4c633bf3fb2fd1546ec1da31d,246
a3a58c22469af339a868131b073323f4,51
5b29592609778c06d534d70375adecc6,302
d7571cfc8c04f719af0ceafc2a0f37ba,288
633b1f2871e097b2a56dc71bdec62863,166
408430f56453bb432b46f30b13d6f943,121
8796574321d551708f1ae7e028dc3c62,34
380c2629e73ac6cf1b3d9332f1d0fc38,162
9ec2ab28a007fb792a0b4f802cb0e380,175
475931fb8cc7a75c60b3dcb171280896,118
c4c6e4b06e7207fba36636a323b33c5c,278
a023c0a64d3d18d19b3f7fe5ef805671,156
1337467ff619d5181899cc470cf05842,109
a8126c793b0c1133e3fc4e667b3b9233,62
229df1c62aa62c6b5c80dad471d9612f,240
38d6f818589e3d8a904f5883a3a63e85,234
c4495cc9053b78d038740035fe3fb49c,93
386da47fa8ebf16a627308aef6fdee54,218
f6d0257cff51fdff23e37649a360f43f,208
bc5b98e6346c6f90f74278a74d0dc97e,238
6b751cf9d83852a2c8884c902e885d5a,246
e09310ad473a668fd0e5d69ad7bf2ac1,295
4f19699b43d5c1d55c0ac8b58a539422,219
95fe6d9be4640666ce132d0e68558e5f,214
1684b1dfd4e8b2677d5c6fed81963adf,44
a8f90df780170600c81bec39e5327b11,220
891ccde51f308e8c1fa5348febdcdd41,212
96889fe22e37c2bed524a0c20e4895cd,222
0ad0e9ee9e7420a287e394b9d2a42105,36
e3f77a541dbe8eb55cf60d5f91cf531d,188
fb423687b8896e812d3a57bd8b03432d,10
5312b4f4a3121c9d0fd176773a407f37,294
d6200a1327492b106826e8a409e01b46,120
f297aa6d8f4e877a282a73b784912930,91
88438ffc456506f303497eedcae4679f,86
ed4e046c7716df8a85199c821c188cff,161
93e20bfbd44578fcf111dcae817c60a8,289
4dd840e389da86325627bcdc0e09cdfd,43
fa3c0dc79be7581a78eb07186d3e17a0,122
45d0c0c933ed65008ca56294a84da0db,16
df7eaf68676b7d17a9dadd25a00b7a5d,293
7377a30f1fe60bd0d757e0b51312d7e3,126
f409f441886ef99304064b674dc267a9,278
4a356bdca717033f50c1b49d907c0335,168
431dfa2eddd2ec258a58b02d56e1b998,280
127e3fb50f088bd2af015d16038104e4,71
e4e9ab2c065fbd50052b69dfb9ba8d95,45
28faae3a984f59bdf69bff4d1c0eed1a,159
d5a474cd106a73d6ce0f7d59f23d7ad2,265
4e3ce2adc9292681c7ef12eccca68048,200
4fa4715c29cd5d5dd211e925c76c81d6,54
60714317892e3e394306425916e41c88,183
e8a7c29e0e2785441de9a3456eaf3975,158
1c54491b69362170485d7142c1a43a3c,30
2c468d46def6b3b7370be7589c947fa5,14
1157c6cb37136f30d13fe516824ee964,14
a5f8419e123735d9dde4281e43cd5f1a,65
2ac552eaa8b6c63ee89a1aa080844e48,48
8f794842bf19958b28770eda64273605,20
ef48bb31054a8769aa63a87f20efc02d,3
74e08ff61fbee136ff1392b2c1a91940,205
5331f22a2d4d7359e7df9035bb5ce107,38
42aebe8f7ac0472e14573bfb386dc4b7,287
b2f882889b5f8e93d49f36c4c59bb996,227
78742eb3a4dd8e720fcaa8d8ad0b6e7f,45
7d77168d95f53db1b86a3a978462e9da,142
33d91fd9009ef1e7b9005f4d52cbd260,271
48b744305bdb204d40ecc9f709b89c72,259
a126941afb0a285fcb2591b0862790f5,163
037c4fdcda9e08d4dac1c9c04c7783fb,195
2024a1377790b055b26ab4fd51ea891f,40
f0e933c6fc9a247b6d9337e8909fad6d,221
c23a9a58c11f1c5d7f00fb9efa4aef36,19
cb6011ab66930bb79559541ff11270d6,204
f180e6dd55e1f22ffff5a31b042eaf8b,61
d2f8546484c5507ee52cdd4c92ca5bcc,246
98c8e4c6bae342022a26291c354c2cd1,102
4ba3ff88828d22ff3c76aa0a183c8379,258
85b488738a99870df39391851e5c0aff,266
f22b294d75a3d474999f7ec3c16594b2,136
ec06abb26e782bdbea0d86429793d703,69
4e5a0e33fab6e25d12f7dc842036dadf,88
0978b2a8b2ab05b3e8fbb7938f8853ad,273
d2ce7a2d6739c788e3242c0acabc66f5,53
8c2438d28c6b93912eb1ff0cde9f506a,37
c535353078615fed27e05cd74ef9d338,240
08852bafdb92964555e06992171e432b,224
eeabc9956bee3e445aa2e97aca9d77be,195
7ed3e8088ec88d746c221bfe3b057bbd,60
66715cb4a160778b4a150a02128a68f6,32
996fac86e7710ae4e7d5c5ef7f9a4f4a,109
2ac1c108ef50a44ae5ede675becbffb7,140
229f9ce75bf6be0175e2f1d444e31435,309
dedd4b5a8e249e92ea2b3ea97d3a9191,295
f0090054991e4bc01b116759d5eb8e70,172
dd79c2b4e678dd8c3a5634151adaa9fe,29
c132bec212ad79ef6ea66b90b8cda395,106
7893bf1fcb45a751b1d6e2837730ee40,55
21dbc0812d49fb5931ee6a57865cc646,111
ea6624174de271b354c5c4a93f200b86,25
1e3b5733bfdadde46c788d7efffd226d,162
f3ff0fa04734306ffc6b8da6660e6eea,238
04bef5c4cb7e9eb5d1d8713353adfa7f,233
48535eed9b1bd0d0a462da4489defc55,147
24c7b9b27083255931793cfdc36d1abe,132
4031987080bdcd5d7775d4af1d8b9801,257
ccd1e75f93beb0d7b7a42b9004642d16,309
6912b17b48cbfce2591d6ef3605bdec0,195
85fe31992ea32cc86a7e7e9edfd855ba,102
42f189b9ecef79bed533afaac1845584,26
339b945cdb183e1322000d070df8f496,281
dd9ffaf8278773eb916caf80d57e72ab,196
bdfee6228b85c81398b72af6d6753f82,182
617ffe8781d363a1a24e942fc956e198,81
dda773253ce3d5471b04bdfdf48adf26,247
253a24a794505bd13342e29d72120780,230
537383c5c921ecad4d31ae0e44d6d767,27
607d4b49ab0c935804567393dc6ecc7b,63
5268b06d19c88b085942e004b1c98c78,113
fd83d26923deec84563a04feb1fb4249,30
fe93a08c424d6ee68104b5be3ff270ed,185
ebb0a62116f8b8854f45f165e4c27b27,177
581539a28f4fcd2a6154dd3091fab284,130
6071e999f87cfa243a4a9aa56d87c0d0,250
31753fed8af7861be0650ed6a12b3210,298
b317fbfe667e81803538c59b3477acf4,177
0650f0c20966c2e21cfd5566c4cedf3e,121
bbd30a168f77b52364695b8e2b334e50,94
27addf8f024a6820dd87cde65e463d26,0
7df312eff46e285989644888bc73057c,283
f3e84442eea92030a54c14aad1da0132,73
5735c5a259c558a2829464cfc999e7aa,180
9ea07547b33657b2f0fb5e71dd90fff3,17
b309160a83c3da016c62995d55b21188,5
879740e65df23746b48fe58265007a41,63
64c5abf752341178274df6f1111baa9a,199
4ab0225549301fdcb4d986969f46adfc,258
22fb4e31d90632855608aa056e4954aa,205
cb299a5de8f5af5d6c0b94517ec29451,189
c5eee1a99479ed2cfe5197924bbb68b0,288
8717e5cf2db0a34cfdf2cd82d5469de0,263
df8f7ac488f17f2bacce91919865e5b3,125
36f15969de0866c102e848b5cf01da37,205
f2a50af513adb7e5fe2338ff3cb14f18,181
1ae6dee09160aacdd89820edb4ad7a24,60
606b6fc405a79ab3ff16506b23829e16,288
6c40de974cf7b271feb6107051b0dc13,251
a87f47fa85cdb14356343c99101963dd,197
b47b149100ddc7a338407bf6197d0a9e,104
9852f888921c346498643698bb55b7bf,101
cd009c8995fcbacf9012f56631fdac9c,113
ea95d0badc27360be21cf4817e4fada3,218
27e409ec9070217202a8bdddd7a3d4ed,285
1a95bd5847c87e55f983aa32a84d4c2d,116
3c7ae45cf2b0c58ab5aa8f5aa7d65dde,45
85e6e1cbdaf7bbb159b5b7b5f46f19aa,138
215ccb1a130539f28938464766ddb7a7,68
17869159715b3373672668eb8ccedca1,121
16491c9a969100d779eea1935e142ea0,220
24a364a5486212f897e5641f417dd9df,296
b5eee4ce7b3143fe85d8280b49e7ed34,107
c0d8c82ab98410463cedac08e75bddf8,308
78e9b1808bf9db8b585462418146046d,179
4275013d48f63793b7b2fec8e490fe90,201
2d85fef6f998912c95be2565ab992974,94
fb7920097ccc0069abfc8e7ab64ca3d2,298
3299f4469db50c0f7a04079433ce996a,154
b3ba6bec4c3ae393c077ad289aae334b,60
5888d786ad3488066f6ec88229b79f3c,85
1206e766c62fba4682a74cc0015a2d6e,204
639df38d909c5aa8d52bf5d2d0e93c4e,127
f0e066229b7aee8e9c458182811b1373,288
a9efdbdbe77f324fadd9f40fb44c116b,268
6fd176fc5096d1d6044f07f472372477,268
bbd8c58d0cb9de1d99fdadab2f6199ed,244
18f8d242126ab89f06e8f690ccee7d74,175
583b577ecf93dd330b6d7471672551ff,260
f48beb998657354f4d1b4e47c5d295b5,138
a45e812ef0a8525340d99fc57b0dc22d,101
7f70bc3234a93dc9c6967eae472b1bbb,33
a5d539f9c60eb12d1f20997de3352a29,260
1ebe332234bbe85d9c76f3cb66ac4c31,130
aec8720683343ffe90f5162dfa8e9bfe,130
7952963e56ad78471d9411b80ad07b2f,308
66a14676393db13748aeafc0afcabb9f,274
08bc64156edead54a5c83d63630043ef,32
1bf9f5570b7cb2f48f42931757616283,57
cc69086c57f37fa1b922547cd0d633ac,282
ca29050670fa31c335761f943c890fa1,305
55d7b34c9ac24b1ae24ea50ae689a44f,300
797484b309881edfda448a6525942740,238
eb2a120d8139d6e3d2dc00566881bcab,56
844bc1be9c5c76140fb2f2c13ebc46ca,92
d0280ce3454815e3a5585374cbb550ad,39
c3676d43ed0128581ef5f40464b60c14,151
664c73e6a25ad5575f433a326476a876,152
ab2f919fb92a9396bdf0798e362a5ef2,271
9e15115d61611b742c929901c8bd6d2c,196
979c61ff404bf371e0d01de4841904d8,59
b8e3f10300a0f1b1c73e57d860a4fe1d,88
d975e7c2a60d41292eb85631fd2297fb,218
2978673d97da1d04f48479706da0b8b3,3
12790c277fba5163d8d77eefcb83c498,35
edd0a32a3ec3fa2bd41631e81a935e09,79
fe17a60705a602b030ec2cadf8aade30,297
60e8ff4bd0bf7e594bfea4e76bc5e492,115
8143b7aa3aabe9bb9883736b57f82f8b,132
e4fa16ffa5e9e98b398daa170a98a2ea,51
ed4ec5440c97593ad428b47ae0c9b566,297
68700d203ade1383285d29f885ec5679,183
f51ae1a7240a0acbf51407bd9d914d63,130
0f892e3c96a4dcf0997eb706baa41f87,215
d4e36cce47eb0ba81181b10eddd75b90,184
e1c1ad85ba7b30291dca0d8625d3e705,267
4868fbf1c156d581b5adebff19de235e,247
66235467fdd7f350e45de7fc820a25c9,209
6472fb399e36de2d7df00000e00e5a67,21
15b17e648b00a652c0826d37bde73579,72
7833fbe343ff36bb62939b752d115002,117
2ae670c05c070b18131f0037122e1e4d,16
b11bd5482a35c2fc6cb2f5247d54cc56,186
90a293a9effc7f01cf79c92f5726f079,276
a584dfc17656370cd5b2799a15e8f573,40
d32e7442eb63e10ead3497bcb73db29d,299
b529cc292c6ec6a76dbcd28fb6846082,202
7c73b991287c617bf472c0cdb1b0f9d4,111
54cc97600b3d61741e302b555838b370,224
60f929f4d59b66d7877b12a283667a7f,303
633f132fdc76431b10cf00e7f79a44a9,264
3992c12109f8c0230431f51028972b46,65
cacf673ab4c0b83bd2474cf4ef13614b,25
273e101d17378c2681146fff4b422c3b,118
c532a7a4d04859bb1876826231b8518e,303
1ebc0d4d43fb311de8818c00b97be447,308
dc382323a7789c56ab6cc754cfa33afe,204
dfc1615839a18715267b25c2cf737c78,71
9c5572548ebace24e707b62e9108c283,80
121fe9f6ffa7bcea0fef7d98c898b1c5,14
cd8abdd81d1790c33f15a349ce46db13,117
3943ea764665a026da6fe46efedfe7e7,55
6eb037386f003071460b8a6e57ff2a7d,63
22317ab26cd250d5cfb068b35e83cb50,171
4e01b4ffe3b6f737425bafbcdf9aacd8,134
415c643f31bdfaac73a6efb3ae33ee2d,120
90482041e47f4d6ac05ca50a8bd025a5,128
86e797ba9a7eb1643fbf29ab1e3476d9,70
3013e5c21a2c1695af067700e29bd2a2,264
04b90d0db34433a01cb3e9b9b0ad97b9,138
a712bc5e3f34bc7de1e8f293f0084044,137
36347b83143883e140dcd83ccffa93d6,177
5e86cad004b5981d613479f8946b224a,13
59dcf7b49e86a1fd18bb0796a0a77bab,264
f6409da6379b609db28364b4b66673aa,188
46acac46067c705946e2fbc9dc1fc45b,265
a96b1916665c4c58981bb470d13300c3,308
f2968ed0de6b71cf1641aa3b83ddc6fe,256
1860d1bcc16ea109e0bc9cf960b3d4f6,14
5f7c91a3cf8446b3d896c91e2894a43d,73
092bcd33c2d2b06c68c227e792489fcb,304
355ab0bfa70cd20ccb0ecef6be2394a3,212
a8334c6f309c6618dc3adb4830377407,69
4dde88fb57ae2c6cb447ca723c00960f,135
58546888db3399144bc47f4fcbffb4b0,225
1b44cd84b447fbe6e0956f1247569b3c,86
157eb1024b9fb8daa69525c37fe9072f,76
1bb3dbff5107e364877b2e281104ff7e,207
d227a16fe36851c2b11660b8ff6245e9,186
91fe485f801c3f54b88a97a4a8b87b35,104
8f33934840d4ba2953191406e0b67c87,170
b098b3b1fbf73773b3292a00faf3fe09,173
635a976c52773b073f36e4ef906df356,178
d036432eecf91f74210053fc15ef2c3c,117
4bcbf89f79c80df2257d703feee4400f,159
7a52103b5cb46846b7ac0ed6b0adb509,199
ce696f513a2a668f454ba84375e1c529,134
74eb0161bd4c2c803ab3d1d330262b8d,201
b671a59984671832916989d409d959b2,84
9692be5a4a1f94ad30896d4d69a48236,82
ce961b371372fdbac1db893ca761d48f,269
048884f1c68dd32472b99e2bfc7d1a0a,190
9520f7c9af656621e1d2eb37e977fa3b,156
88101c1797e348b2dfe6a11e26bd7601,46
d1de053c983eec96ab97b390d5c68de6,34
6a5e4b86f66e54dedb8ff80b0b774cab,192
f13bc5857691800d153fd6b94b58fc28,48
a4ce994090cf1e75be58abb18823fc91,254
7862af7130652c7af38df7511dcd6289,139
55f002143ec54acc7138927a6f188384,244
2b417c56b86cdd332516f5237441ece9,73
e544ac7f4d1b417a88e8392d7acf213c,58
277ea5ed0a3c01adb581891b3900041f,145
edc4929b7d734948db8408d7887a6f76,180
ffd7481c90f10e82485fc639d5c91844,84
267ad74393846d16615786cb37486776,150
e963cc94643c47ba1530fcaf08d48042,145
2f85dc80b182061c30f406b428930e93,225
5edaaac102f3bc009d01b4f5b0b50b4b,292
3c1b98bae088d344b7f57bfb1d47081d,303
6419eac289637ff45f547811c39320bd,305
034c299c6ce6fc2ba150d8062fdd5b56,3
27314917c872f371217b9465b2450148,248
b7c38f04e761b0c9ae922347d4559dda,98
a42341405406e4c4744d4fb37b6c123b,231
ccb84138f1ee3848e19689736ab52825,235
880a3029103538f19cebf4a5cfdfa94b,288
e6c681431e26a939ec39b86cfc98bcce,138
e06c9c6d0bf0fecfb1b454455b0fb06b,283
585d88bf767536bc29da6903e48fdfea,184
65f933b91f9d1b612b72b00d88c74c60,44
a430fd71af528341138c805efa7d92b6,258
487fef1f919d69c27efbeabe6b302d86,154
fc489e4981a1f7717515d42a48119c2e,223
3ae8e81dffc144e0d088b03773626059,299
661c96f3cb0a8b94d3cb60f989978a3c,213
97ae25599a4096f77dc07e7dd4cc6fd4,305
ca1b77e88b2f573eff00737f6584337a,301
cf8ec698e7c662871886e867416424a6,275
3a20f6444ae9cb538e5e91e44ebf8237,97
669dc98c3d913c5d1e17c0105c00e6e3,96
a8c3d351cc3df2990e7d47083df88f04,61
66db7d0c8a735b256101f961dda10892,241
9385eb35d5bd6175b2d927d41b8b9031,85
73919d87b860437bab0e9a8bea2c59ff,252
94fe3db5486edf324acd076fad7ca629,243
8f396ab1c929ce7a821d8d25f35d9c03,141
78c6f343e1f70ed3f35cf5d667996d61,261
3ef48b348f7fd8ada7796b328aaa91f2,157
2c30ab0122eba6c7f821be665beb4dc5,92
ce3d94d7ae0d0f46fd99b8dfeb49cbe1,89
829f5d8bcd8d1741c4a235ec290067c5,161
90d1ca0a6ef31928176c9f992f3f3176,13
f739a824cfc06de59353f9340360febd,58
bc346295995d01ada2bdd50719bdc441,238
5966c45f0224db5f875d180e7d396479,69
12fb1c43ebde8782c94602b72920592c,210
7ffc559dab624701b8b2d258078da038,303
a45a4f8528889980039c57071c25436f,130
2331fa289a521f1662d6ea42770868d6,69
3f102ed6b4cbc25cc194c9c66fa9e273,204
9599a99bd9f8f41f0031edab66c460fe,234
9da62ea854587183b632859dbf93ac42,220
305598bdcb4258042b5c54fae9f515bf,213
34bb8f1090079bc4f11f5e1f28c37ff9,227
59e7f56ab689a3ba4a7e06d7336d9438,151
189d6aa001122a2b4f9e642e0bf1243c,199
fd0c3a1aee3945452a66eee44661dcff,209
2a6c5c1c057f4c0d2a13635d6796de91,60
9791cc399696128ed45f7fd46658c3b5,7
c60b9c73de62e3ba683b9ccabb243d6e,128
fc76428feeb0fbf413c6a6097deba693,185
e37d15386574dc71df3fab0e55541ca3,119
cc6662586b8362369f664d812b546d4c,25
551c8376673f0c54407bfe6abd271eae,30
d642e5aa888850a3013d44321d56540a,149
33af802cafb9b02ba8b05abc14d53c09,60
ec292ea138668f4a5063e2e9f59ab673,48
54ff6630c8200b126866dbe82eeafea4,38
f2082a602e85bb043f0ff42af2e830da,224
cdbf86c2527f22ccc596933ef53ae503,80
cde472df428768b4d26f2a898e5940a5,137
2052e6a6c9096150e1b2971aaa589c6d,157
c107efb8365eb8954442eecc75324a4a,50
ee4af6b624b2be781f4386d5adea59e8,93
518fcf22a8d515c0243b0e2a1a363db5,243
d40e38e34b8f74f23de05b5b7308014a,152
d9c9b7590ffea49a118d4a1fc1e5c323,99
710a2b71264c591ad00e7f13ad6091c9,89
ed1cbfb00805e4fcf98565a2a0249e68,1
291fec222dc6b8000b21b991361248da,41
9b896ba95204494cb6f5d4a9e62befd1,88
d8a1e4dae7df7808915629ab6fad5e81,270
6612cbe0d6651d33dd1ceb02557a7fef,101
4936dd517a2b4222a82928938a311e38,228
4b7e70cb62d0371dbf8db2720b6a6940,291
d683bdba982725892683b3a535cfce7b,258
b0d9a139301b0a65e87e8745ce69160a,80
d607b18981a86861f412dab2279abac8,139
02cd15a75397810e06f7cd41b23e6bb1,12
32decc9684c1a6ed17806c574c0c02f8,50
7f21be4d6d812f67e70cc6fab17b5864,146
531955ed6d98faaa89020908c06a38c2,148
364817213c40f4d476a68dc94a103b3f,52
4741dd300cf9618688134cafff7002b9,251
af86b455d7841f7ca25f618c851297cd,8
e7d74840592642bb4e784dcf5f5eb75e,160
7f7fa4a1925834ba9a6d7d4af2be10ca,8
bedb1e41d5715b7b75d915166580c460,193
f8fa8560cb31d6f941845c7a57b1e1ed,191
06b3b3b0c1122fc20e5316c929fac7e8,237
cde4fb7a9e30e14b03bb40246146e288,47
f2402f343ade6db5b26c68e334ff29a1,202
08e912413ae6096b4b2f6a1140f7cee8,74
502946ebcbd254640147f1bb77408590,184
4c5929de8e673872c89275cb6d6cee1c,23
0e32269c761b41b2ce80b0426b4ab18e,300
20a8c3c51f447ffde14845933f7011e3,181
a836ccf5723c8b55abd2e352ff2a29e1,165
a3cf66988db10574ec4719be79beec49,291
e3fad3ee875bc976bedb2ffbc03437d9,266
8b46544d579391d1a5d3d2d2c5d0509f,18
0064efc98cb6490e4b64d335d4658ee2,280
dc4aee61e59c02ee3ba006aefa15475f,310
649e78425c1fc1d096c0a83487e62b2d,217
601235bef778f1aaf342f236c6038bcf,92
3327cc78983de34f0a0a78637014e0f0,112
fb942a8ce14bb74dbb847c218868ed42,296
4923f98951a1a5cbbe360cc5e4c9b4d0,106
e65dd5872212b9697a67e5d16afc9827,50
f459effd0d46453fb976c5502214cc6f,77
f4f72fd25d31e53a026ae999fed9195a,292
11b834551b6974cfccf8f58d14530a1f,243
d4daaf0b7a5bf991d092e3a63cf33813,9
a74a1de8e4ee677ae8929a13e568ddde,71
1843bf9984ec1b886ce5057bbc18bd81,49
e46252d16483409a5be6732c1344f9d7,252
abfb84ab598ddf02cb032c344cd709eb,121
206121ec1fb14fc41a3b91b80f869781,85
b6640c845c055d44091f66e101ee4bd6,1
793c123c411d599d2084475a31614bc6,2
72cfc7fbf03eab0183e3a4f69d92d81e,68
9ba0a54d58b54194db5b66042dc6c433,79
944f459ecac9be5453d691320d1d16fb,87
438dba453e0505d66ae44c99b073b8d6,227
9441818616a80b37025eeb358a1f66ed,62
bb035fe6c2b2a75eece600b151eeec1d,188
28a692f0a97f778e7e731ee7f4a8ae16,91
1baea68c2957c9c8b798126e63f9ae5b,245
e19c6d927768c43de307d69862c08d5d,218
c3495b6aea4bcab7ca1565672ca14029,169
7354b55be8133d92166b8b0996531b0f,203
31421676d46e683d0da9cd82b946dfba,148
f7e60e6ad4167ba7cb875938468c78ac,11
69de2ee086986d94d2f209532a55dfc3,237
7f3313584143e8851cdc48a7f16ca585,120
31d239f7714ecda52481b60ac6697d6b,52
c3c691c35a0a1ef904f9367a5cfc78e4,276
5454bedeae895bed7a114ec7cebd3b37,31
3e774f4d9d0a2f6d5a10582dc999f796,197
b459a69c8d244eef160d7f0265d511b4,154
745a5b61b9998028b9939be0f8234d1c,96
82d21fcedca88581ef541dce91beb2e6,214
5a074016a85862379c39303bb9534070,276
cdf97897a9518a5b5790f5d30a1c37b6,244
bd793a2c56484351f74c91bd6f57d059,180
b67c5bfb7d16b968b3a323c62f430603,150
922d06036a55d2d78aa4891f9125f961,195
96797f73e0dc32bb3af29300da33d7a9,130
64a45823321767b6006422b3e161b9f6,72
fcea0da8186c4c5377c58a543784f0be,224
ca54acc73fda5a297cbf50210606fdbb,27
026671e06e381642db7685554598e2ee,145
3f3225bae8d1eb91742c7a1068b67ea2,206
6afebf0cc024c21ee32ca1fbbe441162,218
1399ce5264b5f1de271e91b9bf88d0e0,18
5584ca082d71ca5cd034b03dac054b6f,247
20f405a4c97a0005b09b8c4fb63cbf80,162
b5f91c8125a91cffe3388c6776ac3b1a,252
c4e544b323445381a1d27003d77027ae,226
7ed70d203c26024d90f2e2eff81302d5,53
6c7ac1847aa97a98aa08309ae29d674c,48
cca94ca28ea6950872a5c9a4ac815b42,24
4fa1d4d51f683995aaca690d6840a87e,20
63652622089f84946af8fb0130590426,7
4546b9e9109f9a129bacd24db92bc8fd,91
0c96c4178cc1dafcd1da5137ec55bf3a,220
64172676dfedd9e1c4a96bf7a3306470,244
d1b35056b47226fb1a454170153a190a,286
94403fda09bbf1e2b80290b26ae6b8b4,234
a86645dc4b4364973208d62923971617,176
7ba63466164a909c56593a40b95fd5e6,6
2fd84db8976e3a63fb3a9d84f41e8e7b,165
9a73ac172121177df4e24c007f3c84af,64
5f7536677db15844ab79877b480e1bd1,101
03aefef8ff4726a50ca2b05d4cc49535,40
af55efd0be209524c19d0dab531dd1cc,211
85fa48e3844b27068c313c1bf715f855,211
726c48cf65448b974fdb1c204233ab89,172
9e5451bec3ce6a568c2c16f06c9e96a4,5
e73a66d6aa7364a509831302a4113f2f,216
32fec6c10912caff48d7cbd657ab952e,10
342cb1504652f032061c288ba1406549,75
1109f0aadb807f0d5f9015aa7286de38,192
58b1bc0cd9de254daa3dd6f89cb4a6de,296
dacb46329ea73c126b5263ad607fdd53,257
c4c23d526b203649d149733868105149,29
dfd727348efc5977c346de5d4aca8942,193
4c5a56e5b53db011da6ba6b0da2ce8c8,148
91ac8c9433260792c37fef4259291841,154
48f9ca5b45e22abc4e753d1a394c23b9,283
d157256da676b9f06d24a02a85a7a124,266
041519f5fb6d146c4316d1db60c7d076,209
330746b2e62e521fa3aed4c2c7230ee9,271
05a08424ea6c409f1a709b739f9f6b72,256
e58c02824891e46e92d189a6f41c1e45,261
a45396f772bae133951a50a56ade20eb,103
6aad67e76614bbc288ef5e175d918f76,202
41743f2df6ba797410534d33d8f1fcc1,264
738c3e100a8b1b37b018d9d56d070846,206
b02f1ea6ed2ff46032db1851f1497182,247
75bf82723dc07323a124692c0c8f958f,173
469c91cd04b9c6c11989673c238c385e,61
1d3787ca9dcd853355209a5bc43185e1,231
ec42791aa79ab667adde5e664e0163e7,285
aa7626a2ab3821bf2901769c147a2a0a,73
eb8873f8d7cd2b6d5e19732be7b5de89,300
94f8069601569fe42befac9c5a042d2a,230
684caeec20552362ba76cea87798b2d0,50
4f4154390e26d644fb91f28749b75499,135
808ddfa08a907d4f02b7bd43d055181a,123
e3c1a41384feac8dda36b8e4dce8ac67,251
823fa4f503b574128254e854c4972670,12
79cd68e79537d23aadd2e8a8f503a65d,207
7b9d6c128719f6760147664b5ab8c1b4,245
ae853b2e5e8e343e2ee6c543deab8ddf,6
4db1f253ed83844cc0f8de1f0b699379,295
ed1ba5fe9fc81e24dd25b9e384e00bbd,178
a40abe0c386be484e0372175fbb47d62,51
cf9be6938915427ded6ee256c4761407,113
65b718b296e5ab1cd3d1ec9aae908099,66
18898b4b28d3321d668df21402052db0,229
ea6aa2036f7d07a3d7ffcb62796d6fac,103
a769e7128309a639ed28ee12a8e22a79,239
0ac391b11b0eef2197d8705110594d21,13
0326d69a43c561db4d60439addbc7795,66
29047be471cadb71d781a605c6a5e2dc,303
9c77e465cd3bb89bad350b0b57666ebe,189
0041671893d1126580b25f9133aab41e,17
b64b7b5edc41a0466051e573520741e1,133
fb27aa5a91b3c95183a24c5bd84ab53b,292
10c8a07d0586dc9478387d7c1a7d6bd1,160
5b0158dd94a9df923a89e9b4b1b7271b,265
05cb5e6d7b801d964a56c75341837c5b,54
8a66190c4f415251d4e8562fc65cd8d1,63
d121f01bb96f40298d1d8412d95ca051,78
cd2aed14879314044a962248ebb5ee1e,262
7aac0fa35979e0e39a57567b6353b89b,260
cdd204b9b1a9cf386ff9005bd0a5e857,309
c46f060970a57770bdd594a093c9c199,38
1fe67a0027eb2df5bfed87cb8014d4cc,149
0c672d34d471c9601e89a87e09178027,119
af676d183da68d48bfd79846398d275f,46
4a97d231341b40c975960a44bdfc2b98,216
3371155b5d7d4d3e2abd2fec895005db,80
978f3b2c2b96877a7195a6a955079668,6
3d1c77991381ed2187fd0ce4219d59f7,281
ef433d6e2655ab1426d0f73ed145f620,165
c5cc4b4de4030012cf6fad340749c9ce,41
8530ce120a414714ed32042806a00aaf,223
c1ed60422004dc598048e45803484986,6
c40387ab5d785235ae1704c9fe05a9c4,31
ea58d9029c21a097ea04f9b8f6d2ec26,222
977ce664b2e81d7e6beb87c05d10f88b,132
49fdd2ecf2ef1efcf94e29763938388f,129
cbc413a567591af6d83d6e9b00d310ef,3
dac33a35bb2a3836b7bcd84cf5b47fe7,81
178ce1f8996a200789acb186515c3311,25
770ea2bb22091db44cc42e8f0940618f,293
c0bc5a19183a662b7bb20fc529a9db60,0
318775791184f4af6822456823609a1d,254
7e716a4f6c0b6f8154487239b46d39f4,243
0471e5a45554a844a9b57619b95c17d0,202
8b3653987503ae301cbc25aead25adf1,227
001c213b891d910db2b7566d5e6d045f,114
6c77f797112b7c89e96fc318b1ff24f4,178
b08abbe5980b189927be02d13b61de5a,4
0ed750e9a99cb0e2331fab89e1955597,244
3ce318be099fc777feda6726ba7359a4,125
ac39886324b60983ce040ce57d2d3150,2
68ec87539910a377f7957e7d82844f32,234
89fa2f83c90ff59bcbf6f775d4c278f9,61
c5220103e41ec0e165ed14001d46f0a8,226
b3566740b42f5d436de3c166d40a6727,248
a9f1fc1c1380fcb4d43626fd11d04461,193
fa15a7f0dd559aca921e4de35816dda8,27
4cda8b2c8cf8d92c5d95d0ded08beeb0,251
88057cd80d646aa7c813b52e827933d3,66
34a2540267711b37ce9ea35638fd3a5e,290
fd68396a8dbb2490ca7af920f966c024,12
8a872e43aa17a7343d58fff51a934203,272
f5f9d72645e6f4126326879ba4892c44,73
6cddc8a7b78a9be223b9c2f6a5f45e10,88
01e380513fa6a65ad48e01135d2e1414,81
7498980a55213bd4aacb368918192614,188
312e8e3f443f6d9c13e86ae84d4c8c4f,174
a5052abbf1e66a6ba34bc02cb1aaca32,237
f8dc17e8aaf041c6e7dc5ca368c41265,231
796556ead9b0cce98e733643fb48a70c,120
2904c874465599c7ff0a04a26de49e04,98
0c84b4fd03858489b1a71da70387f4a3,82
bcce02136f1cd898fd1447b6f08bc6d0,69
1e58fedbc56554d2f3c0d2ca1102ee22,54
51ac06b66dcddd228341cdb7610e8899,148
5515fec692b7b4583d9b0b627b32883f,143
f1fa03685ee2446855da4fc914f37db0,200
8c34d8cac0d95c6c254b9a1b759e5b0c,121
3609716f80bff6a18a2eb6cd48017421,6
163af35bc0761800b4ebb60f0b1ee40c,49
a9fa700b20c2c1d9c7672a231f3075d7,306
d520aa47fef99ec7dd2d409bd4755521,177
206dd734fc2cb46ee68aca62600736bd,226
7044ce6efd340197fcad9d64a157fd52,94
0eec868ed998f1888f870e668f1ca332,192
5b6702caaa0411cf8b96b9f42bfc3b1a,79
d426669b342ccfcaba9ce2975e3b9501,91
94865a20f344c26a083351463ff8bdc4,145
f18e7da6704a962779a098fa2afdd161,138
c72c260aa02ffad9340f67ece2e174c7,297
2c5648a7fbd742c91056c46aaf9cefb9,73
3aebf129204ea897dfa99ec601856568,133
c60181f41c4961a94aee29a67036a34b,162
12ce620c4dfde6bf6fd13986a18fd2f2,66
95c2132beb8e0d2b16a3618d624a2cc2,169
a6eeb31e62441edf9e0c928c77f41492,296
1accb1eb51fe47d0c9c95274bcfbf495,41
e3395c9cae8c81d5cd306cae1184b367,67
aec3f7d84b74b28f840cbc217a87e7ad,297
04f470ba0bafdedebf67c741e62ca6b6,267
beb1f480e8e9b4e1bd8f13e207eb2e21,161
98fc941f9c0135774f498ab1825c77d5,132
9ef0ba5f93c30e910e436dc2c6f524aa,273
d3c683f37f5bffa909f05cbd9f519f72,83
2f30394aad4dec025382f9742da93a3c,167
199d3f66bfe949f0e0c59248d817daf3,231
adcded886bfc0fba561c8dc8d702c3ae,42
4d6d91b534424180502b694a2dcc3a92,192
9b177b5fa4aa1804460b2138544d4afa,116
9d1ac42dcc4e93a8d079c0872d54ddaf,295
df7217e794f0818aea24f4f5b26a289f,247
e0ff305ca45887bdcf05386b8f967d14,180
56e542300be5256fb4cb6eb1b2d62bd7,94
0342cfa8293e319990072bfb39f26e7a,34
60317646b8359f3915ba426080bd5f11,1
3676e9cee014830dc851ae56978d0a57,231
bf67cf73cc7bb852f1e6c165b47370b4,306
1371166064eaf813de57772510695ce6,87
75a4a7d8e765d939c13d0c88bf926f1e,173
a83be591cbc4f57dce87f40eb05326fe,241
46160547bbdb649e7516c71969d660b9,60
57e22d7b24a0bdb9be9c944eaea7a26f,40
4957ce542770507cee6ca4dbd7726021,90
1566b9801b55c12056e788d272a7788f,63
722b5842d90aa3007e5bcd0579ba8863,277
048ccf893823baf1a6b591f540974508,110
fbd443df311e1d19c013d2bb8ea2f760,65
a800514e2b9fd6fe2049bfbebc0207a5,296
fcebb4d76abf867eba9186a9f73722a6,209
e4d86842f3016776eaaf7600a77cf43e,200
4c03159ce53520de038a70f618535c28,39
e2f45dacf5b7129324baa2bb3f9aff08,227
cbfae4c85d90505ba70337f7408ee8ed,79
7c6879e36d3c6099e417227028dd2ab8,304
67e8092e94f2d60552c658dd8a534a6b,294
607c740d4063e317351ce6232a6d8e06,67
83ab9566807d41f511c14ee9ae9477a3,11
4fbf00e773cc1be17cb12442192e85d9,294
6d0f01273efb3a9485b6e9cbfb57663f,174
c2dcb164e2166737b1fa9b5681d835df,141
fb4d4e4f7c474f466cb6a5d1a8c263d1,152
27824f76492598d7da95ce5efc362682,14
28dcd690fc9b538c53a7cc948431b865,261
cd70767c4a63e6d6de52067f55b73329,121
aac1479ff31095dc4b5707fe62213973,181
d18e8e18516faedbf8540f9e93f6e709,97
be3f2615bb2a8474882ae53ecb938d9f,253
d9a01b86209068946fdd80088b77c50c,243
177ce48cca54535e0d96356bcaa81979,292
f1691ccd96e8aadf3e276b0f74e457ff,20
77a871dcf08ae3338e4380b5d5f51ca8,108
7f2c327fa3d022be973ecf291900c881,27
df4dce64fe5cede0c1a3502a21d2455a,304
3447cef231a764b4cb3d38be02dcfdbb,273
7d0de392a2731acff3a1e37926509bad,34
a4b47a621c7bc7e7592892b5cd32dfbf,259
47d0e9f78ac431702354fc6b984dc84b,134
0473b15a008bb4fdbc7ee04b8a2187c5,179
01f2c55d0f1650797a03b01fa5440fb2,172
0db212cb6e6795423000038c1154bdbe,25
935abb66325ae5a7b0d1fcd34987c78e,222
866c44e01847c8d6c9d8b870a00570ef,246
dca6fc8a71d2ca2f151c8c8177cdb94a,176
e697e18974be248fa2ff340e8212a6db,153
d147043e25478a29073dd0309e3973ab,262
83de54db012248cae9553911e39b6493,48
6013f9ea624b8e8163ce195fe91025d5,190
45beff58aa24497713c1995c537d7654,257
587c4f6cb0a8ebd1819f5a0f53a314bc,159
e2acfc925c8d25c634edd22a49097c01,210
17a493cdccc82eeec9cd453fb37ba907,274
1513c5a90e21e1030072af296e6f6153,305
2cdca39025c31b86ba0b159d9fddf98f,143
329fe08a00bf753ec772dca48617dcbd,90
2dcf26d62b6962bd9820248478d49d02,82
6bce13aab3c14ebd6b1af072b1dc479a,295
a33102af99d8af9250260d89130d01f3,280
ab0d7dd30727ca4bcf967f23cb49dba7,64
657a23c107899aead623db8d596ee7a7,254
4a1b15f5a91437bc2d4797a5c2b042a6,186
6e409ba526a95202e2b76cfef8fda09f,135
4f3ab38b483256f87cf124c8a5c3b744,116
5c952a372dffb382587fdc5312e37705,258
d7e62580da6c3ccd5d815ebb341a68d3,255
54efeb7e2d906637a72d5c392f62fe10,137
de3e06047dce4058ee09768e208bdd2a,161
73d606d4ded66e4442e98c4d372fcace,209
aefb668e89af0e883e4d3e19ed25e82d,232
1dd591976b172cfdec68953b8bac87f5,97
f90852d104aa578bfa48e500fd9c7b58,153
6256c7c42be1a9123a0609b1c4d7d0a9,76
e47021d1249db483ee9cce63ec882de5,72
b0fbfd1f7398afe1f0192b4038cbd99e,11
59aae7e8dc224453f9fca7ab6143e10c,206
e900cc9ea8694044c20c4627b7e34da5,111
d45773a7add5b2e0268966e3eec9524c,297
7045e524843735de7b37075826d59318,166
8a90226c2a3e9d88da685301b6ed4e4c,188
0968711b20aff785591824128b674150,93
ddeb7b0ab67cb666a0c35e9ae484c67b,208
df8570455cb388926896780077cf0b7b,167
14d9e4a0fede7fd3b2a8850096620b6c,51
3eb89ba8eff0ea47652513bc585949e4,122
2b64d8b5e51daac5df033e5f52293671,62
ea7197c2a12da88b73933161ede49acf,92
1cb744cc26b09be82e67bd9680ee18b5,36
79719636c761ab19c8cc3b6311724746,21
5f29d3ba5d67e07bf05ba415d3dee15b,164
e3767825b675b08172675950215880f2,302
eb719a51592b1eb2256097e5b76c50ad,183
6f0bc92a8bd4580de6c7e6b8958cb34f,72
ca795edf3b260f29a5b46f8f2705587f,9
54a2e25d491a9a068ad52450f0427245,33
968e14fc40ab75851ab223192f8d3181,188
50ab8e4d6dd5be9c7f8c177047b4cedf,40
d23c769b2f15433f609148312c52c41a,101
32caaae3471700774352487576f60ac7,149
7a34d3cdb2ec050659130a60f7f4247f,4
833c37101f3a11121a6fb8a6a9176f01,3
46ebc26aadbb0e911d07560f3f393d2d,224
766916ef92ca29b6c9bad2367b142e98,226
2d6b5c41e04bf682483da56e2b44c7a4,25
d765f4b6de1d9b4665f58ded95f5da20,258
a3246110d8ba3b0921286089f61f729f,156
943ff8e3d89d73657d1f061d8b0faa63,48
daab6fb6ec53e0c957e7a82086c6fd7f,9
4ea13a20a556932d489cf2843d0ddc94,243
13b8fd3dfb689ec9bbe631b1882fbf45,223
7bfe14718a3794623f953ed6bcf7284a,86
079bedd6a83c744209fe9f9bd807d578,157
2df0e69a148677447420d41c69455972,30
e086a029600a69c65a0787df35fb8800,59
1bc9f9d9239293c0871d0547f2673bce,118
8179c148ae259cba3e2bec8978be457a,280
16aca9011da1f27a4245a6ecc17c4a71,76
d5c8929bca7ff6a2a4459b3d44701773,286
34f98261408929d7805f0dc0de22d951,217
67fe60187d2a891c28c93fff19c6bfba,238
86742f1a258efa33e29a958b73395e22,277
878be7afdedc0e8db64375019aad16f4,103
247a3ac5d41f2f7cec14e53becb68397,249
56201dbd404403203d8cd9da1eb63940,255
6ca3989bef5ce1ae6a480768c926bdb4,139
65987eea5202d44ff3be99c3309fdfb7,27
c5b5d0ec0432b06f612814595dc9ea15,156
73aa069d38a7f18773a5b4ad0db4037f,13
e77dd9980731604037fb62a96deb2b70,28
efa35fcf0e561ec6b3ddb3f485ef3c93,106
70071eb4049cda57de53be5361ce6c01,22
22f7a570e83ceac14d1dcc96efaeac0f,21
0552cd6aa3017d5c34ac86b90d64e543,113
5f64d627f48c76646d08d32291c09ea0,61
74862f495fcf9e9c19c51e98ffb05312,118
a76a5733a0771c0134ce2343a5bce125,76
acb9d3daf405b8cb580dee7b8b13a1be,225
103e8a61c5cfe7afbd4bdaa981a6d64b,142
e1f6adf0d63c9c05cad2fba0e373856f,11
ded0920d4e828c932d07db2802b49053,280
00d9cd4e50de576ea8b3a0bbef14d884,137
7a574dbbd85a53cdcb163c217c671d0c,41
c44930f00ea9bd62657931214a872757,177
ac3903b62d7e93c112e163e6dd1d1dcc,194
3e986dfcc24c9788e294d2007cfdfe8b,169
ef55f64a08573d45c18c925d9a303908,147
837a2b5d5ed08b6c17a009eca115333a,232
c6da8fc3b2a3a733bc1da0ddd2678739,237
dfe869e3c50b2fef60321db8055601ba,170
39da39025a28436499ee6522862a6591,135
6bb89f7891aa0dc6aac7bf116dcb656c,19
aa9b27e9bd67889bcf2be2b898403537,116
5bb35ca95da348ec3efb2d99b93ac2d5,285
bd6032707694a7ea36695c7052b9c917,197
7e23299a8d28614aecce4937ac38aa40,31
2457b401689895c22256013837455912,301
b249324e70463c11e1ad4a58a155824e,209
c5e21de4168da92db67ee5738a61851e,109
87eaf5e35ac8a79d167abc74f9d108a5,212
4c15c14ff8bec31f4f3bc99f77dcb24c,81
73c4edeedf63c35eb2b115ae71faf21c,80
9e3a1587087fb67bf6a273639ce06de9,293
739687576046fbba5c1a5675b691d441,149
38b487375a6e17f2710da4a325f6bfe1,290
870c563601fd40b4f85b7174a6aebcc1,282
81dfb4305da555bed29f6af1afd43d6e,222
012b9f64dab872d2e4d30639dcbeba9c,84
c5383ac4402601b486e1d1988b85d449,308
10c1b808788f23d001239df1e245ad91,15
e09e623e1cb6cf479dd5123b6c955772,275
8aa30befd40e527fcd4d9daf53a07663,267
7f75ce674e88739a58270b3d06b306ca,266
11450184c8add69af7a4c870304e070e,298
e6fd17ce1ebcab2d9324711d7fb95794,241
d8094f7f5e7e79442e2a460aa2b636c8,184
70bd061540eb7e79101823960c640126,278
b43e4d90f15b86a57d544c2783f0cc69,288
614282be4e7a771d84ed036aa433660d,84
16410a94c8d1834e0eaca5afbfe10563,229
af314d324d7d8e4ebde3a2dfbe5b6b06,75
242e77cb3cad5f623da44cfbd43bde43,117
93e61147db2b547ab8aca264ea9720cd,32
49aba5a0bc3db43bf4a09d48b4c1cd0c,75
8dda91361953ea4050d20ec7e876bc56,204
9d76dd2aaa7706bc1d64993686f0f177,235
ca2425d632159ea5ac9d2aee25230e0b,12
0fe19384e187e418e1330ca23ad6793f,41
542dde64985b5754dacc28d296595438,291
603848bde85399687d2cd70f09724f37,228
c7f35437968c7a72e231552a7b9cc42b,122
7523e78858d04a60b7e37eced1ea9dcc,148
f48e35f007a748a7fe538f2bea48f057,88
65ac8030da9d382f322d245e285c4ac5,23
70ce8209184eaaf01576c2d5bacc14c0,75
b24d6fef11cd52da8b54a0e879c24af2,287
e16abe4063a65c7a6b257c7c9f85c9cd,240
94681926012906e76a3939002845649e,158
c4d24582dbeec825fb170ec032925c13,195
4391e3e816400de98fb5e966caaa2a31,254
39ef9d92905d50a59af615b6d88037d0,46
768e042b222755850ea5153f3f71c175,242
809e63643456d87d01226a03eeb835d8,212
b1526f63d73954a3237b977b2c915ea9,118
e0b756999b5c48b0a83535b1f93eea33,275
da536495c6ee24f3189f6e36c143dc13,87
a86d1983589bfcf17065f287e5a68873,211
ccbc3bb0e9feef85401ac9724fa4ae6b,105
f33680642a97b3209deea3d4574633a9,134
84a1053ff31804969fa22f1018a97c0e,272
a7975725fc9a5a5851b3bc5942805fd8,100
7bec149681bcb1a389010032a3d310f3,215
e7dbbff38a67e7c19d74236e2d51cdae,202
071b23db076fe1f0c4593dddc3cf28d9,224
f3ad3ec479ed34a6b01f3c868d9c1754,50
c20b9a215c74612b9e200e0529ab51d2,1
9c599e3d203cd65c0ec4308173b506ef,279
cc37be1e30abff6b3dbd720d4da90f01,75
5166fe2ed9d780bc630fb1774f8b854e,238
2e01430c34779da2d993b8386108c844,256
11357a4739ef6c9f55054d382111fdbd,124
3e91fa624a7fbb72beb2a6a51a44ffdc,25
a3b023baead92c36f76689e584f9cb68,109
770278a19703b15b36aebed849aee1cd,193
d2b6b27c5723804f666a52b6f5f34dd6,101
00bd65d634214b0bb23968a0e92b2ddb,147
612a904d95b568e510da2a32779ca2e8,56
a4640009e94ff03fcc1e8c51fbe33429,76
7fa00f22f340ae509abc7077117c1e23,70
86d58dfcfe824ae4e625e8da661658ec,122
12e9e913d9ed196b72e0e61e171dffe0,308
7e66b9d4e62574547d9887bdbb79b922,184
6709bae36d28aa60d72c788e663e3924,302
3d5ba74d27e209c9e369e34185af5fc9,132
d1d527f5b1c25a90b478829da79a60ff,298
0d7f8245db249114ddff43ec41ccf6a7,210
a4cdca0b7a0162dbcedd0b2cb7559f78,29
a640e2e39d11d2fa15501d012815a432,227
c2851eca49d3b420fee991980645bfbc,181
e0932ce80ba4c685b8fd789b108cf8b2,42
44a08f773c40577e6800ae6193ce71a6,252
52cbbac4e4d7b5c50ac15ec422f7280e,225
1b8f3482d200a405fc26ed9f3af899d3,44
9b2f85471d6107743b41c87984690bf4,301
fb8a17b2ab8c308ea50c88d8039431da,133
89fc32fc812c6c67df03bbfb606fc195,254
9bc794e9704e3872492e85a0766e2f07,286
e8c463a12130d10799f9146e2f60e40b,98
5e76eff92e750a5063e7a61a6d11a65c,161
deb208d4575862008584b8fb8cc2887f,8
1d55383297ec4a66a3f97a46fe9afc29,229
2f8e0967fe96c1a82c5a9b3faa4cacae,181
aa0b50bac04869fec644b96bfb78d50e,281
0ac95f2ebf570b1ccf2b8e14c6de4d08,177
1642ecfefd0de0154cf3c03e7e739a9a,207
55a90a6f028a14e1292019efb425d2cd,179
dcdff27263015ec7b5c5bf9dd517b952,80
4a676f474966d492fcfd1b7a5a0d2a74,132
b0c7367e08fb0ed74b22e852e27da193,62
d051f10247632318bf83fbea37afa8d8,240
ead017ce9c235a64aa02c5db74295575,34
e6968778d5a25ace479c83d6f58c28b5,46
fcfb03561b76867e41bd0e8aa66c99f6,280
cbf96fafe4317e7399b69a76cca8fb8e,238
0ba3e3ee963cc1a930034ecefb8e664f,182
5765af684c06fcb5f6fe6fd625b8a517,262
9a3d4fddaa6ee9108e2d939f373bf7ca,274
be0aae447633e3e2756ef7bb29096176,151
75c634cf70df2c85bc2eb9f5e03eee52,120
2bf6a355be3214264b9ccd9f6d5e1e9e,19
b1450b8efe9efe64beea072b21d802f5,185
911b2013b69016dcc6c15f1cd78f0ed4,2
1aa0f7f1f53cf0ae6f198a0de03bdbfc,47
12411373b70e8070556a2ec5058afbfd,170
901b378a42cfea8ba356ad4662b0c0b7,273
fe5e1eced919b2093a94e1022e0c0266,282
2307e88ca308089d3e019d77322af13b,30
d777d55299fc3f7a40eb8d37a754990c,68
ca5322f5c6e22f8b01c728abc327f460,153
af24fd57b0b68033815ad1ded604b0bb,190
a7d8f9e73e35e642eb514f6f49a798f5,189
a650a2e3c657b7be3483bcc40fc1f3df,198
ab32833bb837a11a84156e408df75fb7,45
f5e8e8e798271bbf5243483bf5c478b8,290
eea46e34152bc8961798b1f482216b8a,6
31de1cc413e9ced80e35759c443f2445,121
61c000ee123d7efbad4cdd050cdee5b3,308
a33d2ab4db89c144c1ec939d86eb0f99,268
76b531235d739bd333edb7f0e897c0ba,230
bbe9d917454f7a84aee4554c1d653c76,49
f2893c507413a0e1836fcd1b3f738d92,46
e6172cbbaa5e30b613b08483aceabb6e,139
ecb1a309e525ce3cb1f208043e35963f,213
dfadafd064ac5ad01a2841550eea71b8,178
e9153a4fb52f343fe55bbb7034cf20fe,38
cce0cb5d2a9572fe5f3524b181ceb1b6,237
14256ba9e94be5502298f0c1fb7c3099,170
79f74ded2acfa772064a686e33f4a2a4,55
b293438bf13f77f404ca8d5361b567c8,49
991231712313bc8c19e0456abca29969,197
22de047824eb4ab19a2005f5312d9f85,181
c3695cf42d951e41d177494124c9b67a,281
952e47b4c2ac65c1baf8db4380215cdb,155
2809835383901fd118874fe45431b6de,12
807adb22482091fda9d1eaf7f7f3e99c,66
e2f92fa648652cf79876c44069d7e46b,81
7bcc7656e8ab2f976b2206eb39b382b6,284
6b758157bbda185c61051f1d838127b3,37
436117fb55044f954e8f70c283a225d2,270
38e79d7f56f0e0e0d6dc95f80d5321e5,293
3b7895c3706cc321322ed44a97f85a7a,24
e17070a6c140a46df182a04b7d0c23ca,265
9bce5188ba0d6ca4a60317bcbd3c079c,9
f3b9aade8c90b35fca4854c1d5dd37af,96
870b405ed84aef0208623fb8880c6f8f,254
0cec23dae0182070a9693269fcb61f41,171
81b8c591042a1ba6cd2ca99d2cbade63,37
228bbb57f9da49c1affd099a087cdc7c,166
ed5c6f8ff519b15cc147afe84ccdf306,144
9ee10b9417c8a8b46b620b2b7601662e,163
be9f4e4bcbf004e611d09009af45d587,279
d769f3e83b51b6390802bf1c439a8194,310
bd123fb59f5524b3e65f5a536c22f5fa,142
e5a8de9ef4733b3385f122ef3b99f701,153
9c7fb53bbee58c7b889a889edb801d56,59
9fcd7a5f2f117eb164a0e876ac3a5a94,9
7449b9065650c45b02dbf0b1dc3e22f7,50
0a907126c2c6e448bdc58a4b895462ee,308
893a9be83f3c5b1b3e8b1f87b403a96e,81
9023d5fe5ce80ebc7721bd9510292d93,137
0d1fde5f886d214b255df935d5effcf1,204
ca52774017154bfb6195e23408486da0,263
953fc34ce4a52fc9ef7cd743ed793327,126
55b20eea83def2d66c49682ecddb2e6f,11
4f4effe5a779a3c7fa43a66e3514cc33,111
204882f6924868fc571f10549471e245,178
5e576000be5bf1d9888ab44b4428129e,225
4fb130a7be21f054fb29f0eb914d7f00,193
3bcdc42f80dbb1d1ea6dcb73e31630a5,303
66e2c33eda749641f1ad3b218c9f11f8,245
6dc2e548ec4eba08c426f12bf1d39d51,108
eb5158a483d779f869f3dc345e3ac675,293
39fddde3ac0e557a6e2ee3b619dde5db,178
cd4d11bb5e88e4e33727ded6aca9eeaf,150
447b5c050674999b22cbf34f9e2ec672,138
65b174a72853a667b4aac66b81be278c,106
33b170d3aeb37ddf0712a11555f3466c,261
3ca32002d0d673dc9bf247bf5e3eea44,123
3c6efce8e215e00d2d48e9a7fc3a652f,275
fffddc93d2648ce1433dfebdc2cb073c,156
0e692fc3f5376b55a69131a3234e6942,46
49779354832a8ffb289f376399983a3c,85
fd1458704bcccec5d05bd22bc6b5d4e3,124
73921692427f29b56228b89067c95e0f,240
0e88785eac565b1aaf400cedf858691f,285
cda8ae634feaf56563b998bbac4da723,179
cf4942d58f814be10366ea2970c29f14,115
0db539ce5d37060d2acd9b8512af23a8,82
e72e2df91b7d312d1294733a802d1d99,83
cc6ac9a2ee02fdc9d64683687772198a,92
105352f9dfc8a04df274337ca9e86566,198
b171ca6b333ea91b4bff5857ae6d1632,233
9f83a12034a863215cf6104fedaea649,91
5c784347c608aa38e15305ff2c3352cc,274
46cd3f8c70506edcda2bb7fa9fa59df5,269
cbb26e106bb67a69b841409510039e90,107
3cfe498df3f106cb538175e6623a05d6,6
9833d9bf7d021f591020097a9e14aae3,21
d0ed656b8138e000f345600428117b32,4
120d634b79a640027b045cee5332cd54,125
fa82ae08f7362cb68262ed420dbb59bc,109
9f06a3b08c4b39afadb6ef2a9ea3776e,67
cf376271d3782afce370ea835529cb8a,80
2a965bfac25527047a3297371f0d2c0a,182
44d99f038dc5447b87c77cce2dde23dc,269
55cbe4c8476487db1eda9bea3640e62b,283
37d75a49419c1ede24c948a206f85473,277
b16bad9d43a552ae72139c196cb4cb46,292
020c42be6e4a1e2d087e1a0f8e556f34,289
5eae0d575115dd062a838ee9e85c8d09,164
afa904a7534453de015d0bd3f860c2e0,2
194771cfaf8c5ab4e30bd57af9b164ad,42
da8158210bb4fadf3a588d91cff6a82d,259
5de32a852409c9cce09e726b5786c752,82
8f2066aa9b0112e1e9d62bb5dba28e03,6
a0ec222dc2ff2af0540ebc0fdf60b0a7,260
0f95f2cb4a461fe4c7d1d8641005ebb9,43
69b6a0aa4641568c57a93b80fb262281,116
8336cd6905e504f0c5c56a050de08b77,282
a6effbabdf6d0017a6428fa918246b3b,292
3c1d4ba6a55d12f2fcd4d0c65c851c14,7
57b58b2a82ba217ec8bcb5aeff47f3db,58
54c88751087ee0a88c077552a251b370,172
9f567d3aa31525715af57383fa4467e4,50
2bddd9bfd386a9aabdd4fdfc5bc4c084,40
5e52d87557648c9aed2c8792f8547d3d,62
27104aebe915a87aae08aefa1690453a,29
af7350c3ac013a4445056340d70aba7d,306
4f2f054a5a814e435294c1336fab481c,226
a1c3a6477390356a2c076d0f3eee1be4,231
2e1e185f0bb7cfa9418ff29b3f2fcff7,188
dbf5b21a71c2273eb6d1b9ee063c0c47,48
0da681f9aff684c961a2b65840c8f792,70
f3cd18127c06c53ec9017c202df5d11a,234
845230f8e785b54e4335eeb4fb6ddce9,22
cbc4f9a18c42dde20efb564fa665c196,132
09c5deeda862719ec6f276ea4b88938a,103
b17a51346a9935ce9d5408898dbd77a7,77
555b53d39c10260c379a3b13ff65eb7b,79
cca8ced80ab296b54a23c345df72af11,157
daceaee2e68f71bfe86bcee600e4d080,168
e83eaeea8d0fa99d591b524dff9d2883,281
4d48041ea3987573835443bdef3b9a6c,243
bf868b3deb48567004c9331442dbc08f,31
393aeea892f9716bf76b8cc5502cd31f,267
0b8e4fcf50d8e0109570f4fa8355a148,292
0b8a43dd21b891d24d61fadb080f3f66,173
8fd7b3653fdcb7d8e58bb1662ae599aa,252
000cf7b5eb7e6b99dfca254f16580db3,14
79a272e6967cce11f1773b279ebdb11d,115
71b689b87237e621b471d721abe96ec8,96
7c4d1607ef58e838f702c9051e80209d,308
199773f3ead9f8d4fbaa62a814651357,41
74211e6d3b18ed5f9be56d571cbe470f,244
705fcd3733e350e49b7e019ebb39b996,86
f601b524a24a90fcf753b11074c4fd6b,42
ffb38d183681f3ce7c743b908cb6fdd9,198
661283cbb3c1d312aa12a0bdb2f99e12,62
9cca73a804c85a19129368b387d7a5be,43
26a36e00ae2b67bd5f4fd9cbd226e957,122
53ae930176793de5a39e1f35d38bae28,156
23e876c388b4e4d2759917fae0dc2d7e,157
0f48a943587dec32ce72bcd1ae70d3f6,21
67550384057f6d1a8d43812ea298c11c,115
4911df12b1e6fc6802bd232ac404900f,46
a8b1d814e95086de756eb3348e130db9,253
568166c8268aa1ed1ce094637bb04ea4,249
6104cc01539daa5dfc19b9a3f23c1537,95
a0effdf196f1800a9fc9d4d7e28c5b77,74
7acb1e42aaec23a35b2157403d7affc6,76
6f7ef28e132d2a7e64f2f82cdd203a3a,187
cc821fdb4b9554beb822fc7c23224b1d,111
1001e2b0316cb46091aaf931edd8b9e6,36
ac04a174453dcdd16b0d93b551615f8c,33
15fab7593d093767f9fbd5d51c9dc28d,255
3edd6c8e0a3153f102019834eee4cccc,62
a434f4df1fb21b4fb0ad073b7518d270,251
3c8f1eab42a752f502db46643a97b23a,213
1262ec279cbdfa742b066f4ad6394c48,7
20d2fbaa94b0385366c44b8262d56f39,261
eb73a8eedef140d9299b8c4708f60f1a,207
79d868719e6b7ce04e7da5be5a892bc1,224
22040ea2080b590399de322de8e0157c,207
f0fc7b0b2cfe16355446099ee282f4e2,144
faf6814fb569b148733f8e51dbfa2546,187
cc0d74c3ecdb96dddbedb5e6be6b0be6,128
3956e6228130cf22f3bb00417536199f,233
efa3ec33838a3b080dd4cbf7d5a85d2f,95
a758fd98d8bd6a407841a35156678ed6,73
fb6b50e0b2c069f7c1c2894d127157c9,132
51146f56fe6567348723bc3d43329777,310
963a80dac3e4ae52ff101b09d92322d2,257
7afe9359ef0a5a4fe6c9916174facfea,277
2884950144868146d04fa193fc8937ef,138
5fb1d839df56b8f11d569fd572c1469e,273
3ad072466f74a733882fd1e08b8fa6b1,231
4c0f2f37161da0e229e218cbf49cd209,257
bc980ca4875dace8d3e23451b16fe8ff,31
35116920ed6a559eac11a2c3c48ac240,274
8d3fb648ecc33ff442c4ba68232b79f2,250
8dea617e143d2ccc72ff5d84c0e416e0,38
270fa8ccd285764e091e8cb4f343a572,149
561d418850107346e76a91ca3bdee875,234
7d6f34fb7a6cc6ec8910b9c16f90a297,278
10f6bc13528f2643bdde3b2ebf8612b5,243
f14eee1fe271ac2ba9ee6780a49dfb7b,229
647ad4ba616a47699e5ad0684a7807f1,175
3af7890e13bd77b518dc5cd36773e5c6,262
5c29726da0677a8357a9daf8920f3b16,218
01237f0e4f59d23650621bf220fb18a3,144
0466cd33dcb42e407b2c1ce73985f8c0,55
cdd21b54a20b4db3c9946bab910a8d5c,67
96f5ac1d302d1dc2a1a6515fec83fcb6,43
272126fee2b5d85ab3c52e4482c489fc,218
7a217b2282da5ca36c09c9ebc66490da,144
8cd4dfe6aaa039f5e5c8ddb2c6b41f91,28
d6c919c4b1360e6f0a1a4c56f65b65b7,116
b333654019564a9084dddaebc9320a26,278
dcae48d624f335f6c4f5297850d492ec,295
7cd4ce655cf3d7bcd895fb1bf0a24a51,201
45c27c7c449062dc211f866940813478,28
1e3fd39734d6391ff2f89f4837cd12f2,136
c766d9373e010e8e9dcf76e5e41cc6a2,70
ca41af89c2795e25205d6bd602e9ee43,244
30cf9cd1c7e540f0b91e0113a7f38b7e,83
9f3b6a422e8d3241ea0a6dd3e30715d6,186
ddfb67812a43bbe49f190372b6863b28,207
e25437b5152d51bd5b7a2a7ea6ac4846,54
76413553d5621977db43fe70101121ea,195
fe8474189b42d3c8e0f0fb65f6ab9fa8,162
ffe9800e990fe15143aa51fd57c594dd,106
7c445f89b959537e54b123715a191a2a,185
0991e073e52cb58311e6be7a71db991a,247
0a6380dceee5f78c483be60572aa65fb,229
e2b9cde817d6d8dd063a2c1a26578833,289
3d8824c826b04cc68b0b33117f6ab30b,143
70e0ac460c1cdeab790816e935199516,290
1cc70aaaedb39289da42b9e82536249b,294
20aec7dc36efff37fcec5a92e03a1010,254
5e3cce8a89f2b3a0fe109b3ca8306330,278
af95b3e80af8e4fd8999575eca143520,2
118be67770929cdb209421093586c968,279
22efecaad52a6b4221155165b40c15a2,146
b430ce7a2f7818341ac2d6d35a4acbd3,136
20cdabe66b2f141f0d3de4ef8ad54892,262
63dcf3df28db3bfb245c5eb4fae71dfb,104
6a9dd65d6660ecf9456b235e65583965,59
934f298e43331ebc10e495c66b6e9499,214
426cb2a1e2301edaac7db148d0f2a70a,170
08c6fdf8dc9af2b2c69a7232b868ef98,112
1bd31f9e6b66685dd5f774e152f97514,279
0bbd0a904bc1ef6da1e237a1575f606a,221
fa54d7440c6bb17468b2cbf6f562e362,189
a03ef9ae7dffbf80d260907f1c06a632,91
7face1f9fd33c9171375e1e1e7d814a4,151
61bbbfb6495d51b600fd30336a1e02ae,206
d6beda10758550ea0e66df458d69b17e,97
2087e672308b3ab71d363f4bd4cd95b9,215
b0ab18c926e83913d3f0d90d4152e456,221
111413b5ccc8d89de7497d86163a175b,225
845080bfe926039c0a9821cae784d3c3,173
8df44123cb278879555a3b1daeb56784,7
0af53af107e1c180c5d2dfd33f2487f5,304
2d04697d59a0209f08e47d4a52e7d9f2,61
9f0240fbc0088b40ee829f2bbb6fe12e,238
be04566e48d5a3874c036addd237dedf,26
47a7ae103e1209918ccc484b8a6e014b,2
6d841f080873c6f8b77c2951bf743262,166
e7d3b7e9d7a366a41394f0432cddb2d5,216
c58ee3fc01d5ffb8e2f8b66a73f577d7,265
7fcc2c288e2c74d190edb0fe00d8721d,14
96bb420be087349d60a13ad64181a6cb,159
2134400e465a7697e848ca63d4de5482,297
68efce27c546bf5beea427ad9c419920,111
f2c1016abf016f84ade9c2bb56ae2520,26
27c62301467b085537e86527bbf662d3,206
af7f0638ae1d94d8cdcda115bff3a005,128
38bc13b796b31bf467e0e4293e641b2d,45
f284511f99a7d0e1b1120f8c9c982b41,98
7d548745f98f88c83399b7c06b343949,61
e36c4bc613670876797bff887bfe87e8,39
f7544b0ecdc4ffbd12a45b7543c2f8a1,161
44bd250c8e0462360d7575c249125014,119
2f9a8f483785cc722bd4ac8281ddfb93,288
76cdfa4febf059a5e6abad3ced7a13dd,38
f3398780343214e3ceee52110aad208d,170
a54fa8d3a19b19c524e20966d8b3eebd,205
b7e5d4cd9ba30aa7c4ce89cb77947893,268
5a2f13551f97a4e307fbb04a50f0f79c,157
deea55abf5d721b32f773a593aacde80,6
eb490d051378c52cc38d3b6c42aa5211,173
1836aa6d722752377b7fe92a1610e36f,204
b1099109a04a5cbca76822d756d80c6d,8
7f6419d8fd0a376d8d54415edd974587,214
5e8395631ed9f06beb51ce7efe22f17d,46
b90a17a5af840b35bd558ea154585208,163
d2dce5e4c1b766e2d4eb1460597d9fee,5
bf2002a17be60880420b93d67c6d9c86,252
dc2a2d2282ef1d9999961cb9be1e8c1d,69
a90906105f53b6cbae59bf409d359c62,7
f551ac567d3c4503c7478963de380f03,26
260b4d0cc9a4e712d3c6f07eebe05a21,115
e992d4933b350bfe616fb7673ac4d1c3,72
df6d679ba7164e290459fdd9e8251367,40
108b57c8c1e0a859a0edfd125b886a58,224
e2eb987b7d1059a5914908a606f30529,217
c941c4bfa71ff1f10212950ddd3d1948,92
ad91293103009fc153156adf4cbe3a9c,225
c05831af09e778f1ad4a71597db45707,228
f9235477919f5fba407c927717d65346,189
1945c15a069f7432f189bd25b4a640d6,265
90b613611f4c612d9911bd3833241067,147
44cf36356528fb8520eb6ac6c4656367,100
7f5f7486afd8d4cf718817da0c251f76,70
3b3b48feb956819054503e0ad39efa5f,97
737cbe001ddc9772688ed30d0fef1675,153
fb4f31b6afbc7901c7e66b9f40e3c212,37
049ad07d7c1de64693d354bc197c5514,97
b27e08d94b443c4711c27d9446119c12,88
8c26f78948efca715800cc536f47d106,280
abd91d9a6e2463d1e08f6e700b086d02,77
35551b1721dfd586afbbeb78ff8b6952,12
68368ac5ab02548253bfe1ce6465f08d,19
89c4fb51b1fa4471196889639fb397bd,32
6ff6d3455cb0fdf65e6c834147d62b11,16
d72cdb1604975459e3e5f696e9ca349d,7
6f3bdbf6d5ebd13b5070a07ef2a68063,92
d7f360e6e3ec87adae4d2e410b927c42,233
31eda855c822d25815b8c42b45fca60b,114
c6a3bb4a1a395eff12b06b8b7c1ff663,106
dc2fdaf16c3c077e8ee4428373f5c40c,175
18a78cd3869636107bcd1a4cca1a1365,1
9d5dd46d417a2471bc81ad42f29ee70d,122
aba716109087f714fbdf53cca2efb231,61
a47d6236649227dfb03fc6453d10871c,246
cdb4f40d254dfebdc232de4144cc2a43,210
6d58d89993867958aad4cd9f98e78d94,203
de0a09e0a35692e69518ffa6c9d35938,104
23265ee5be7c68ba93971a0ac29e9be7,55
18234e816055279a9410919137b8c43a,202
d6e358b9117b2bfa0dd16084d8849872,137
191d37acb2664ae37f3cceef72a9b5a1,186
d5cfe4d8f30febea9e4f4845947908f5,108
d19857e5dbd36f6d8d683a8302dc006d,228
817fdb41e658f6619dc47ca1c4f6cd9f,283
9211500087bb331c213fab1f2e735fbc,115
e870b11e2072ed2d99262b65c0f52c79,168
811bb4d208e7a2a4f80efdb8e503c97c,202
b76ff8acab1e57723c87e023477d8f66,153
c6f4019e033901eb5305c60bed1139da,41
2b085127b285d02733bd7f9fb83a2f91,62
be3a659c0ea4064f6b932d8eb67208e7,119
9a35a72d36ec0dd56a658d8989d157ed,103
04c2909d4cf1e59331c01c32d808365e,159
408306764dcc510cc7b3916087cc2341,193
0c3800ab495e92d6267dbdb8d636c4d0,161
414d3f99c8ebf12a1f9d2c6e82c328a1,274
ef0d2900a569315ef6edd4f0f05186b9,0
8d75573fe79ca216765cd31be6c5ad7f,194
b4e7af6000994e611b41e3eb3c4b774c,67
9b38ca162d0fe391720a14a1d1dae820,48
ea1a0cefa18c4e2288000c4015b51a8b,2
8dc13aa99fccd6c364b6ea00342109f8,287
42fbf3facd575e7691f33f54dd066489,218
68184ee196610d654f99a05526c5f782,0
5fd95d4f66666804875de2fa7bb06009,25
ef7d6fc27b8426a8508c95420dbddac8,88
6f6802531fec439fafa8c6104d17b610,234
ddcb3787beb78ac54524df99e38feab1,277
34f78153ae065bc3ba5b3bf97af69b40,302
5c0fe24135f8435452a5f086233e0a62,14
5f16a6f9f9b45c5507d86472d9789856,96
d89ab1c601f3ede7fab9e92e345d6aee,101
063389401e5e3609547f0bde1c066803,187
69e927b87e3cd81a537484bdd022f1fa,93
0d2d4da7bbd7ad27d14f2b5c01c750b6,235
aac2a00182d3cbebb0be0f6df0cf8f3a,250
72fa9a12407a5e17abe863ab1365fa45,60
2a2a9f6b2c247a4673ec3e4875fb0c69,67
b361d9a61046c3dfc5a11dea16cf3464,193
69968b1c8b3975fbfa805b365b24c617,69
548babf3624b7a842e0c31594339f52a,272
68af0061ea748ccbd4bb7bf3d7751670,199
781e9346759d1b3a4cf4fa9f4cdc9655,299
4c426d61c8249c52afd1eadf8bf7c9e0,51
9badc1aa6ee344ebbe496ac40f84abfa,120
92919aad5fb6ceb88a88acfc021d9cfd,30
69b93e3297790a9b08d8b391613add30,143
b7f3a687cfa4852d758b946eb4e35c62,111
b6359c6167ffc0f0958c279e5579db37,149
ee7cafbf611802139df4f90fd5194cb9,140
3c2ad2f23281c79e9852524e99d08de9,229
b6c5d1e3d0c9d9af4b671a8db884544f,195
8ee7b4f60fbeec5b4a22c3ac1e7cb8af,248
71ff0e8f46b5a634236a8aec30fced81,281
ef8da7697d456c8e027bda05bd2cb553,230
b067e2b1a5ceb8ff6bd7a4a52a966c26,26
e88d4551e0098abad5ccebfa5e6f2951,105
a9c5c741b00d03b3125429ebd8a8637b,234
9d95105e59ab18806c386038b86527b6,44
071657120d56d9503b6d54fcced8fdcb,40
249defc774c87a31870dad3b3cb9fbfe,199
439dbe9c2a889ba5d610393bcd6be9c7,73
c894677ff3bc93a4655c985f56c43861,88
af6b236e2bc15f26a86eb57856131b44,202
c144c0615683aac78c45e47183eca9af,297
f39df67f23c479d2776451a4e2520047,87
81703e660e734ecd490bf030061a7419,199
ed9dce322773f79c9bbc6222329881d0,306
5f63f9444b7836e256c53610b9b25ba3,93
112c66575f883dbac813c5fb69de83b3,119
8d6cc06f79f7210822780256d3ffbe02,47
8dbb71a599315c762217965159eae3a0,197
38d72131f2302622fb89feb45676b0be,136
34bda46797a0b90d1129f251b31f3b04,113
6f0052d0cd05d9d4e96fd1de7cf45190,281
a1f814888041db4d5294f31cd4bdce70,161
2255e32f630b0fae8c6e844fc1a46531,155
2a36f3f2c1655eb09cd29d06d10591c8,283
885911badacad582b119c7824387831c,40
e54ad4f31ecb4c3c23c3ab38b4c5bb53,171
84de5a5d36b7c553a893ad8faedc7d5d,202
09cdb82c8b38739cea073c123bc8963b,301
7d40b68757c2c8782406a537e00fd28b,71
0211c2e4e5679321e447ec44031b0e53,155
024f0595adef6aba329c1cb3ac4c594e,131
67cd7b708d1b18629849bde6119fa4ab,196
911e4b96e7edb6eb38f83c60f6feb2b3,49
a5ef9b7c855e7d4fa5d8add6366081dd,95
cfd03e113d4c8cae11e29106b2ca99ce,287
ea4f8498b75394c5bcbda60375c19438,64
ab53300daccebadfd069a625b025bc02,184
4ceb986219e6973ce3bb4f67c397cb31,64
12919f0bcc9ec9a534690157108178bb,302
11c167d0188e1a0dc1bc43980d67a158,294
79af4975fe814ac4ceb808e43d5ae54f,277
47e7b4ae3fb54336206a8a5297210a99,221
617bef27645ce58f3ae7de365d228dc7,227
8e43b1201444e737b42571c365e466e7,171
ab4115ef91c102b9c5988fbae1c3feed,282
9d30d2694436cade047a9be5fdb6f794,162
fb2231d3abdea212b36fd221d9a34a45,128
7b502ed19c02b04f7dbf92c996982dc8,208
d217ee6cf8cb06f47a86ad919a632894,226
19afd5039b98b91bc85b9c3e43ad6b0c,40
3e03f18be9181adfccb0682c0de87cfb,45
fbfdaf8f4e910a7db32de8fdef092561,247
fea60a56eb754f45bffac8bd2decb77f,18
93591c5e8ad803e579aa7adc2e20d861,264
bc8f5bc882074f7806ecabc527e15330,263
6f88f0542ec8f992a006e32130fc04c1,227
3760c2af51146beec6fd4b0272c5fabb,233
29f43241346e61f5e6635f69111cce5f,13
87c58cf086abacdd03a523da185572e6,153
a1c744faf1c5528681d570f09f384232,302
7683896ba837200ce5db6a621e88f7d4,106
d52e4148b88506519d3ca39bc5891b11,52
678296cc92f467ad2bcf63b940667841,254
ea2b01ec5c06f665453b98a5291f2368,293
5c3fe15c288c9809e2bf2f379b3e7d30,248
d0c0d7f2cd701cc38e859578048f6046,182
55011be226e232c73995c4ce56995a67,96
b2b866cebafa38b99ff4220bb4d63b8e,160
8f51735109b24ff4ec6db0dbee658843,271
3a749873afe255d9843e072ff8a15d7b,197
070b2027cff626de0fd8da139c0f532c,141
67d6c25673331347340f27a2ba455a96,259
c1dbb8c76432d840c48bea4edb5afd0c,270
e75cae9bc0e71b298b2fc884bb19b3cd,1
2e06e251a67dc6ec6680437bca04b817,46
